ID,AcceptedCmp3,AcceptedCmp4,AcceptedCmp5,AcceptedCmp1,AcceptedCmp2,Response,Complain,Country,Sex
1826,0,0,0,0,0,1,0,SP,0
1,0,0,0,0,1,1,0,CA,0
10476,0,0,0,0,0,0,0,US,0
1386,0,0,0,0,0,0,0,AUS,0
5371,1,0,0,0,0,1,0,SP,0
7348,0,0,0,0,0,1,0,SP,0
4073,1,0,0,0,0,1,0,GER,0
1991,0,0,0,0,0,0,0,SP,0
4047,0,0,0,0,0,0,0,US,0
9477,0,0,0,0,0,0,0,IND,0
2079,0,0,0,0,0,0,0,US,0
5642,0,0,0,0,0,0,0,SP,0
10530,0,0,0,0,0,1,0,IND,0
2964,0,0,0,0,0,0,0,CA,0
10311,0,0,0,0,0,0,0,SP,0
837,0,0,0,0,0,0,0,SP,0
10521,0,0,0,0,0,1,0,SP,0
10175,0,0,0,0,0,0,0,SP,0
1473,0,0,0,0,0,0,0,CA,0
2795,0,0,0,0,0,0,0,CA,0
2285,0,0,0,0,0,0,0,SA,
115,0,0,0,0,0,0,0,IND,
10470,0,0,0,0,0,0,0,GER,
4065,0,0,0,0,0,0,0,SP,
10968,0,0,0,0,0,0,0,IND,
5985,0,0,0,0,0,0,0,SP,
5430,0,0,0,0,0,0,0,SP,
8432,0,0,0,0,0,0,0,SP,
453,0,0,0,0,0,0,0,SP,
9687,0,0,0,0,0,0,0,CA,
8890,0,0,0,0,0,0,0,SP,
9264,0,0,0,0,0,0,0,CA,
5824,0,0,0,0,0,0,0,AUS,
5794,0,1,0,1,0,1,0,IND,
3068,0,0,0,0,0,0,0,SP,
7962,0,0,1,1,0,1,0,SP,
2681,0,0,0,0,0,0,0,SP,
10141,0,0,0,0,0,0,0,SA,
3725,0,1,1,1,1,1,0,SP,
3767,0,0,0,0,0,0,0,SP,
5585,0,0,0,0,0,1,0,CA,
7030,0,0,0,1,0,0,0,SP,
1524,0,0,0,1,0,1,0,SP,
3657,0,0,0,0,0,0,0,SP,
5740,0,0,0,0,0,1,0,SP,
9595,0,0,0,0,0,1,0,SP,
3158,0,0,0,0,0,0,0,SP,
5114,0,0,0,0,0,0,0,AUS,
340,1,0,0,0,0,1,0,GER,
8805,0,0,0,0,0,0,0,US,
1241,0,0,0,0,0,1,0,GER,
1402,0,0,0,0,0,0,0,GER,
7264,0,0,0,0,0,0,0,SA,
1619,0,0,0,0,0,1,0,SP,
6398,0,0,0,0,0,0,0,SP,
1857,0,0,0,0,0,1,0,SP,
4877,0,0,0,0,0,0,0,IND,
3066,0,0,0,0,0,0,0,SA,
10286,0,0,0,0,0,0,0,SA,
1992,0,0,0,1,0,1,0,SP,
4246,0,0,0,0,0,0,0,SP,
10623,0,0,0,0,0,0,0,SP,
4867,0,0,0,0,0,0,0,SP,
3112,0,0,0,0,0,0,0,SP,
4865,0,0,0,0,0,1,0,AUS,
6287,0,0,0,0,0,1,0,SP,
4405,0,0,0,0,0,0,0,AUS,
5332,0,0,0,0,0,0,0,IND,
1519,0,0,0,0,0,1,0,SP,
9080,0,0,0,0,0,0,0,SP,
1772,0,0,1,1,0,1,0,CA,
5341,0,0,1,0,0,0,0,SA,
5510,0,0,0,0,0,0,0,SP,
3887,0,0,0,0,0,1,0,IND,
7022,0,0,0,0,0,0,0,SA,
9999,0,0,0,0,0,0,0,SP,
10352,0,0,0,0,0,1,0,SA,
7919,0,0,0,0,0,1,0,SP,
4114,0,0,0,0,0,0,0,AUS,
7990,0,0,0,0,0,0,0,CA,
9888,0,0,0,0,0,0,0,SP,
4399,0,0,0,0,0,0,0,CA,
4452,0,1,0,1,0,1,0,GER,
4785,0,0,0,0,0,0,0,SA,
8461,0,0,0,0,0,0,0,SP,
3878,0,0,0,0,0,0,0,SP,
9612,0,0,0,0,0,0,0,SP,
4098,0,0,0,0,0,0,0,AUS,
158,1,0,0,0,0,1,0,SP,
3896,0,0,0,0,0,0,0,SP,
9970,0,0,0,0,0,0,0,CA,
4002,0,0,0,0,0,0,0,SP,
10914,0,0,0,0,0,0,0,SP,
7279,0,0,0,0,0,0,0,US,
10582,0,0,0,0,0,0,0,GER,
4470,0,0,0,0,0,0,0,SP,
6183,0,0,0,0,0,0,0,GER,
6379,0,0,0,0,0,1,0,US,
8601,0,0,0,0,0,0,0,AUS,
4827,0,0,0,0,0,1,0,SP,
6715,0,0,0,0,0,0,0,SP,
10676,0,0,0,0,0,1,0,SP,
1041,0,0,0,0,0,1,0,SA,
492,0,0,0,0,0,0,0,CA,
11133,0,0,0,0,0,1,0,IND,
4491,0,1,0,0,0,0,0,SP,
873,0,1,0,0,0,1,0,SP,
1631,0,0,0,0,0,1,0,GER,
8278,0,0,0,0,0,0,0,SP,
6815,1,0,1,1,0,1,0,SP,
254,0,1,0,0,0,0,0,SP,
1349,0,0,0,0,0,0,0,IND,
2534,0,0,0,0,0,0,0,AUS,
2130,0,0,0,0,0,1,0,SA,
2296,1,0,0,0,0,0,0,SP,
3799,0,0,0,0,0,0,0,US,
11084,0,0,0,0,0,1,0,CA,
5172,0,0,0,0,0,0,0,SP,
9504,0,0,0,0,0,1,0,SP,
850,0,0,0,0,0,0,0,SP,
4477,0,0,0,0,0,0,0,GER,
1945,0,1,0,1,0,0,0,SP,
7685,0,0,0,0,0,0,0,SP,
6310,0,0,0,0,0,0,0,CA,
10832,0,0,0,0,0,0,0,SP,
3025,0,0,0,0,0,0,0,CA,
2404,0,0,0,0,0,0,0,US,
8581,0,0,0,0,0,0,0,SP,
8755,0,0,0,0,0,0,0,AUS,
10177,0,0,0,0,0,0,0,SP,
2429,0,0,0,0,0,0,0,CA,
8920,0,0,0,0,0,0,0,IND,
8430,0,0,0,0,0,0,0,AUS,
8619,0,0,0,0,0,0,0,SP,
8996,0,0,0,0,0,0,0,GER,
7233,0,0,0,1,0,0,0,CA,
6678,0,0,0,0,0,0,0,IND,
830,0,0,1,1,0,1,0,IND,
6365,0,0,0,0,0,0,0,IND,
6770,1,0,0,0,0,1,0,US,
2261,0,0,0,0,0,0,0,GER,
1031,0,0,1,0,0,0,0,IND,
10089,0,1,1,1,1,1,0,SA,
9256,0,0,0,0,0,0,0,SP,
10641,0,0,0,0,0,0,0,SP,
624,1,0,0,0,0,1,0,SA,
4211,0,0,0,0,0,0,0,CA,
1407,0,0,0,0,0,0,0,GER,
10356,0,0,0,0,0,0,0,SP,
9323,1,0,0,0,0,1,0,ME,
1146,1,0,0,0,0,1,0,AUS,
6343,0,1,0,0,0,0,0,AUS,
8545,0,1,1,1,1,1,0,SP,
8275,0,0,0,0,0,0,0,SP,
10673,0,0,0,0,0,0,0,SA,
8799,0,0,0,0,0,0,0,SP,
67,0,0,0,0,0,0,0,SP,
9923,0,0,0,0,0,0,0,SP,
2814,0,0,0,0,0,0,0,SA,
2711,0,0,0,0,0,0,0,CA,
4320,0,0,0,0,0,0,0,SP,
10451,0,0,0,0,0,0,0,SA,
4198,0,0,0,0,0,0,0,SP,
10814,0,0,0,0,0,1,0,SP,
944,0,0,0,0,0,0,0,SP,
8151,0,0,0,0,0,0,0,SP,
6184,0,0,0,0,0,0,0,SP,
3498,1,0,0,0,0,1,0,SP,
2870,0,0,0,0,0,0,0,SP,
7342,0,0,0,0,0,0,0,SP,
1911,0,0,0,0,0,0,0,GER,
10862,0,0,0,0,0,0,0,SP,
2546,0,0,0,0,0,0,0,SP,
3005,1,0,0,1,0,1,0,SP,
8318,0,0,1,0,0,0,0,SP,
2930,0,0,0,0,0,0,0,SA,
8216,0,0,0,0,0,0,0,AUS,
1212,1,0,0,0,0,0,0,SP,
2541,0,0,0,0,0,0,0,SP,
10659,0,0,0,0,0,0,0,IND,
10905,0,0,0,0,0,1,0,SP,
8910,0,0,0,0,0,1,0,SP,
7349,0,0,0,0,0,1,0,SP,
7872,1,0,1,1,0,1,0,SP,
4290,0,0,0,0,0,0,0,CA,
7408,0,0,0,0,0,0,0,SA,
9986,0,0,0,0,0,1,0,SA,
8235,0,0,0,0,0,0,0,SA,
10949,0,0,0,1,0,1,0,SP,
7284,0,0,0,0,0,0,0,SP,
9529,0,0,0,1,0,1,0,SA,
9930,0,0,0,0,0,0,0,CA,
10270,0,0,0,0,0,0,0,GER,
760,0,0,0,0,0,0,0,SA,
5519,0,0,0,0,0,1,0,SA,
232,0,0,0,0,0,0,0,SP,
3009,0,1,1,0,1,1,0,SP,
6518,0,0,0,0,0,0,0,AUS,
10669,0,0,0,0,0,0,0,SP,
5682,0,0,0,0,0,0,0,AUS,
1570,0,0,0,0,0,0,0,SP,
1497,0,0,0,0,0,0,0,SA,
9723,0,1,0,0,0,0,0,CA,
7261,0,0,0,0,0,1,0,SP,
2452,0,0,0,0,0,1,0,SP,
5621,0,0,0,0,0,1,0,SP,
10995,0,0,0,0,0,0,1,SA,
7373,0,0,0,0,0,1,0,AUS,
5331,0,0,0,0,0,0,0,GER,
263,0,0,0,0,0,1,0,SP,
4619,0,0,0,0,0,0,0,SP,
940,0,0,0,0,0,0,0,SA,
10084,0,0,0,0,0,0,0,IND,
6019,1,0,0,0,0,1,0,SP,
1463,0,0,0,0,0,0,0,AUS,
6424,0,0,0,0,0,0,0,SP,
8233,0,1,0,0,0,0,0,CA,
1515,0,0,0,0,0,0,0,CA,
10855,0,0,0,0,0,0,0,SP,
10909,1,0,1,0,0,0,0,AUS,
3376,0,0,0,0,0,0,0,SP,
10232,0,0,0,0,0,0,0,SP,
5547,0,1,1,0,0,1,0,SP,
8362,0,1,1,0,0,1,0,SA,
3524,0,0,0,0,0,1,0,SP,
10095,0,0,0,0,0,0,0,CA,
8897,0,0,0,0,0,1,0,GER,
466,0,0,0,0,0,0,0,SP,
11025,0,0,0,0,0,0,0,SP,
2387,0,0,0,0,0,1,0,SA,
1618,1,0,0,0,0,1,0,GER,
25,0,0,0,0,0,0,0,CA,
3277,0,0,0,0,0,0,0,SP,
8566,0,0,0,0,0,0,0,SP,
2634,0,0,0,0,0,1,0,SP,
8036,0,0,0,0,0,0,0,SP,
8159,0,0,0,0,0,0,0,SP,
7628,0,0,0,0,0,0,0,SP,
9597,0,0,0,0,0,0,0,CA,
1384,1,0,0,0,0,0,0,US,
10150,0,0,0,1,0,1,0,SA,
3885,1,0,0,0,0,1,0,SP,
11003,0,0,0,0,0,0,0,CA,
8026,0,0,0,0,0,0,0,CA,
577,0,0,0,0,0,0,0,SP,
8702,0,0,0,0,0,0,0,AUS,
5429,0,0,0,0,0,0,0,SP,
977,0,0,0,0,0,0,0,CA,
2793,0,0,0,0,0,0,0,SA,
1071,0,0,0,0,0,0,0,US,
5074,0,0,0,0,0,0,0,CA,
2632,1,0,0,0,0,1,0,IND,
6404,0,0,0,0,0,0,0,SA,
10240,0,1,1,0,0,1,0,CA,
2521,1,0,0,0,0,1,0,SP,
4301,1,0,0,0,0,1,0,AUS,
7381,0,1,1,1,0,1,0,SP,
2407,0,0,1,0,0,1,0,US,
9064,0,0,1,0,0,1,0,SP,
5067,0,1,1,1,1,0,0,SP,
10281,0,0,0,0,0,1,0,AUS,
11191,0,0,0,0,0,0,0,SP,
1994,0,0,0,0,0,0,0,US,
2552,0,1,0,0,0,1,0,SP,
6720,0,1,0,0,0,1,0,SP,
4557,0,0,0,0,0,0,0,SA,
1183,0,0,0,0,0,0,0,GER,
4186,0,0,0,0,0,0,0,CA,
1419,0,0,0,0,0,0,0,SP,
967,0,0,0,0,0,1,0,SP,
1048,0,0,0,0,0,1,0,SA,
9262,1,0,0,0,0,0,0,SA,
3427,0,0,0,0,0,0,0,SA,
5892,0,0,0,0,0,0,0,SA,
8911,0,0,0,0,0,0,0,SP,
6606,0,1,0,0,0,0,0,SP,
2677,0,0,0,0,0,0,0,SA,
252,0,0,0,0,0,0,0,SA,
9860,0,0,0,0,0,0,0,SP,
1388,0,0,0,0,0,0,0,AUS,
979,0,0,0,0,0,0,0,SP,
7494,0,0,0,0,0,0,0,CA,
10490,0,0,0,0,0,0,0,AUS,
3403,0,0,0,0,0,0,0,SP,
2715,0,0,0,0,0,1,0,CA,
4828,0,0,0,0,0,0,0,SA,
92,0,0,0,0,0,0,0,CA,
3312,0,0,0,0,0,0,0,IND,
11176,0,0,0,0,0,0,0,CA,
1446,0,0,0,0,0,0,0,SA,
9699,0,0,0,0,0,0,0,SP,
9790,0,0,1,0,0,1,0,CA,
2324,1,0,0,0,0,0,0,SP,
5080,0,0,0,0,0,1,0,ME,
4992,0,0,0,0,0,1,0,SP,
7849,0,0,0,0,0,0,0,SP,
4808,0,0,0,0,0,0,0,SP,
10401,0,0,0,0,0,0,1,GER,
7793,0,1,0,0,0,0,0,SP,
9303,0,0,0,0,0,0,0,IND,
6853,0,1,1,0,0,1,0,AUS,
7366,0,1,1,0,0,1,0,IND,
9780,0,0,0,0,0,0,0,SP,
7573,1,0,0,0,0,1,0,GER,
1379,0,0,0,0,0,0,0,SA,
8923,0,0,0,0,0,1,0,SP,
3547,0,0,0,0,0,1,0,SA,
8707,0,0,0,0,0,1,0,SP,
1891,0,0,0,0,0,1,0,SP,
6271,0,0,0,0,0,0,0,SP,
9635,0,0,0,0,0,0,0,SP,
9727,0,0,0,0,0,0,0,CA,
6205,0,0,0,0,0,1,0,CA,
10681,0,0,0,0,0,0,0,SP,
5156,0,0,0,0,0,0,0,SP,
3050,0,0,0,0,0,0,0,SP,
8164,0,0,0,0,0,0,0,SA,
5626,0,0,0,0,0,0,0,SP,
7600,0,0,0,0,0,0,0,CA,
6406,0,0,0,0,0,0,0,GER,
7002,0,0,0,0,0,0,0,SP,
8234,1,0,0,0,0,1,0,SP,
6116,0,0,0,0,0,0,0,SP,
291,0,0,0,0,0,0,0,SA,
8779,1,0,0,0,0,1,0,US,
4931,0,0,0,0,0,0,0,SA,
1650,0,0,0,0,0,0,0,SP,
9701,0,0,0,0,0,0,0,CA,
6431,0,0,0,0,0,0,0,IND,
10789,0,0,0,0,0,0,0,SP,
5302,0,0,0,0,0,1,0,SP,
4459,0,0,0,0,0,0,0,SP,
10642,0,0,0,0,0,0,0,SP,
9213,0,0,0,0,0,0,0,SP,
3678,0,1,0,0,0,1,0,SP,
3698,0,0,1,0,0,1,0,SP,
5929,0,0,0,0,0,0,0,SP,
10795,0,0,0,0,0,0,0,IND,
4390,0,0,0,0,0,0,0,SA,
9362,0,1,0,0,0,0,0,CA,
1577,0,0,1,0,0,1,0,SP,
4609,0,0,0,0,0,0,0,SP,
7143,0,0,0,0,0,0,0,SP,
1729,0,0,0,0,0,0,0,SP,
10664,0,0,0,0,0,0,0,SP,
5029,0,0,0,0,0,0,0,SP,
10507,0,1,0,0,0,0,0,US,
3865,0,0,0,0,0,1,0,CA,
6982,0,0,0,0,0,0,0,IND,
7042,0,0,0,0,0,1,0,SP,
9668,0,0,0,0,0,0,0,SA,
6878,0,0,0,0,0,0,0,SP,
4099,0,0,0,0,0,0,0,SP,
5031,0,0,1,0,0,1,0,SP,
1970,0,0,0,0,0,0,0,SP,
5726,0,0,0,0,0,0,1,SA,
5231,0,0,0,0,0,0,0,SP,
1307,0,0,0,0,0,0,0,SP,
10609,0,0,0,0,0,0,0,CA,
5782,0,1,0,0,0,0,0,SP,
7533,0,0,0,0,0,0,0,CA,
9493,0,0,1,1,0,1,0,CA,
2253,0,0,0,0,0,0,0,SP,
2326,0,0,0,0,0,0,0,SP,
1876,0,0,0,0,0,0,0,IND,
7141,0,0,0,0,0,1,0,SP,
7393,0,0,0,0,0,0,0,SP,
4713,0,0,0,0,0,0,0,SP,
5093,0,0,0,0,0,1,0,SP,
8524,0,0,0,0,0,1,0,SP,
3766,0,0,0,0,0,1,0,SP,
9725,1,0,0,0,0,0,0,SP,
8933,0,0,0,0,0,0,0,CA,
10779,0,0,0,0,0,0,0,SP,
9289,0,0,0,0,0,1,0,SP,
2613,0,0,0,0,0,0,0,SP,
10133,0,1,1,1,0,1,0,CA,
8443,1,0,0,0,0,1,0,SA,
10796,0,0,0,0,0,0,0,IND,
10241,0,0,0,0,0,0,0,SP,
3388,0,0,0,0,0,0,0,GER,
6507,0,0,0,0,0,0,0,AUS,
7446,0,0,0,0,0,0,0,US,
87,0,0,0,0,0,0,0,GER,
10477,0,0,0,0,0,0,0,SP,
6072,0,0,0,1,0,1,0,SP,
2518,0,0,0,0,0,0,0,GER,
247,0,0,0,0,0,1,0,SP,
9463,0,0,0,0,0,0,0,CA,
1459,0,0,0,0,0,0,0,SP,
9530,0,0,0,0,0,0,0,SA,
9653,0,0,0,0,0,0,0,SA,
10785,0,0,0,0,0,0,0,SA,
9392,0,0,0,0,0,0,0,SP,
3769,0,0,0,0,0,0,0,AUS,
10146,0,0,0,0,0,0,0,AUS,
4741,0,1,0,0,0,0,0,SP,
1880,0,0,0,0,0,0,0,IND,
6471,0,0,0,0,0,0,0,SP,
5718,0,0,1,1,0,1,0,SA,
3478,0,0,0,0,0,1,0,CA,
7848,0,0,0,0,0,0,0,IND,
7999,0,1,1,0,0,1,0,SP,
11101,0,0,1,0,0,0,0,AUS,
9212,0,0,0,0,0,0,0,SP,
10983,0,0,0,0,0,0,0,SA,
3629,0,0,0,0,0,0,0,CA,
4673,0,0,0,1,0,1,0,SP,
796,0,0,0,0,0,0,0,CA,
618,0,0,0,0,0,0,0,AUS,
380,1,0,0,0,0,1,0,SA,
1092,0,0,0,0,0,0,0,IND,
8962,0,0,0,0,0,0,0,SA,
8207,0,0,0,0,0,0,0,CA,
6521,0,0,0,0,0,0,0,SA,
535,0,0,0,0,0,0,0,GER,
4608,0,0,0,0,0,1,0,SA,
11086,0,0,0,0,0,0,0,SP,
1064,0,0,0,0,0,0,0,SP,
7000,0,0,0,0,0,0,0,GER,
1581,0,0,0,0,0,1,0,SP,
7384,0,0,0,0,0,0,0,SP,
10552,0,0,0,0,0,0,0,SP,
6409,0,0,0,0,0,1,0,SA,
9507,0,0,0,0,0,0,0,SP,
9560,0,0,1,0,0,1,0,SP,
10991,0,0,0,0,0,0,0,CA,
4712,0,0,0,0,0,0,0,SP,
11056,0,0,0,0,0,0,0,SP,
7414,0,0,0,0,0,0,0,SP,
3076,0,0,0,0,0,0,0,AUS,
6355,0,0,0,0,0,0,0,SP,
7959,0,0,0,0,0,0,0,SP,
5512,0,0,0,0,0,0,0,SP,
10102,0,0,0,0,0,0,0,SA,
9369,1,0,0,1,0,1,0,GER,
3711,0,0,1,1,0,0,0,SP,
6931,0,0,1,0,0,1,0,SP,
9596,0,0,0,0,0,0,0,US,
2727,0,0,0,0,0,0,0,SA,
8416,0,0,0,0,0,0,0,US,
3967,0,0,0,0,0,0,0,CA,
2139,0,0,0,0,0,0,0,AUS,
2162,0,0,0,0,0,0,0,SP,
9242,1,0,0,0,0,1,0,SA,
10595,0,0,0,0,0,0,0,SP,
4855,0,0,0,0,0,1,0,US,
5049,0,0,0,0,0,0,0,SP,
4967,0,0,0,0,0,0,0,SA,
5255,0,0,0,0,0,0,0,AUS,
9215,0,0,0,0,0,0,0,CA,
3525,0,0,0,0,0,0,0,SP,
3619,0,0,1,0,0,1,0,AUS,
4415,0,0,0,0,0,0,0,SP,
3645,0,0,0,0,0,1,0,SP,
4692,1,0,0,0,0,1,0,AUS,
3955,0,0,0,0,0,0,0,SA,
5313,0,0,0,0,0,0,0,SP,
7196,0,0,0,0,0,0,0,CA,
1381,0,0,0,0,0,1,0,SP,
10951,0,1,0,0,0,0,0,SP,
4322,0,0,0,0,0,0,0,SP,
7444,0,0,0,0,0,0,0,SP,
2942,1,0,0,0,0,0,0,SP,
2874,0,0,0,0,0,0,0,SA,
3667,0,1,1,1,0,1,0,GER,
3697,0,0,0,0,0,0,0,CA,
9955,0,0,0,0,0,0,0,SP,
5320,0,0,0,0,0,1,0,SA,
6422,0,0,0,0,0,0,0,IND,
3690,0,0,1,0,0,1,0,SP,
2408,0,0,0,0,0,0,0,IND,
9260,0,0,0,0,0,0,0,CA,
9648,0,0,0,0,0,0,0,SP,
4939,0,0,0,0,0,0,0,US,
8652,0,0,0,0,0,0,0,SA,
4702,0,0,0,0,0,0,0,SP,
2587,0,0,0,0,0,0,0,AUS,
2811,0,0,0,0,0,0,0,SP,
9150,0,0,0,0,0,0,0,SP,
10127,0,0,0,0,0,0,0,CA,
5493,1,0,0,0,0,0,0,SP,
2666,0,1,0,0,0,0,0,CA,
10099,0,0,0,0,0,0,0,SA,
10562,0,0,0,0,0,0,0,IND,
7881,0,0,0,0,0,0,0,SP,
6721,0,0,0,0,0,0,0,CA,
5204,0,0,1,0,0,1,0,SP,
5209,0,0,0,0,0,0,0,SA,
10128,0,0,0,0,0,0,0,CA,
9284,0,0,0,0,0,0,0,SP,
8643,0,0,0,0,0,0,0,IND,
1685,0,1,0,0,0,0,0,CA,
2877,0,0,0,0,0,0,0,SA,
8369,0,0,0,0,0,0,0,SP,
6233,0,0,0,0,0,0,0,SP,
195,1,0,0,0,0,1,0,SP,
1501,0,0,0,0,0,0,0,US,
10846,1,0,0,0,0,0,0,CA,
8341,1,0,0,0,0,1,0,SP,
10766,0,0,0,0,0,0,0,SP,
9971,0,0,0,0,0,0,0,SA,
1740,0,1,0,0,0,0,0,SP,
8737,0,0,0,0,0,0,0,SP,
6466,0,0,0,0,0,0,0,SP,
10430,0,1,1,1,0,0,0,AUS,
8773,0,1,0,0,0,0,0,US,
2371,0,0,0,0,0,0,0,GER,
7786,0,0,0,0,0,0,0,SP,
4088,0,0,0,0,0,0,0,SP,
4971,0,0,0,0,0,0,0,SA,
10560,0,0,0,0,0,0,0,SP,
6892,0,1,0,1,0,0,0,SP,
11004,0,0,0,0,0,0,0,SA,
1818,0,0,0,0,0,0,0,CA,
9485,0,0,0,0,0,0,0,SA,
6646,0,0,0,0,0,0,0,CA,
4248,0,1,0,0,0,0,0,SP,
7451,0,1,0,0,0,0,0,SP,
7861,0,0,0,0,0,0,0,SP,
5232,0,0,0,0,0,0,0,SP,
3011,0,0,0,0,0,0,0,SA,
5758,1,0,1,1,1,1,0,SP,
2173,0,0,0,0,0,0,0,SP,
10711,0,0,0,0,0,0,0,SA,
8268,0,0,0,0,0,0,0,CA,
2782,0,0,0,0,0,0,0,SP,
9432,0,0,0,0,0,0,0,SA,
5872,0,0,0,0,0,0,0,US,
11187,0,0,0,0,0,0,0,CA,
2428,0,0,0,0,0,0,0,GER,
1726,1,0,0,0,0,1,0,SP,
1802,0,0,0,0,0,0,0,SP,
1162,0,0,0,0,0,1,0,SP,
10643,0,0,0,0,0,1,0,AUS,
11112,0,0,0,0,0,0,0,SP,
2114,0,0,1,1,0,1,0,US,
4261,0,0,1,1,0,1,0,SA,
2457,0,0,0,0,0,0,0,SP,
2495,0,0,0,0,0,0,0,SP,
6983,0,0,0,0,0,0,0,IND,
3436,0,0,0,0,0,0,0,SP,
7505,0,0,0,0,0,0,0,SP,
4286,1,0,0,0,0,0,0,IND,
7224,0,0,0,0,0,0,0,IND,
6215,0,0,0,0,0,1,0,SA,
968,0,0,0,0,0,0,0,AUS,
4096,0,0,0,0,0,0,0,US,
3153,0,0,0,0,0,0,0,SA,
6504,1,0,0,0,0,0,0,SP,
5329,0,0,0,0,0,0,0,AUS,
1175,1,0,0,0,0,1,0,SP,
1377,0,0,0,0,0,0,0,SA,
4607,0,0,0,0,0,0,0,SP,
4944,0,0,0,0,0,0,0,SP,
9483,0,0,0,0,0,0,1,CA,
1378,0,0,0,0,0,0,0,SA,
5991,0,0,0,0,0,0,0,GER,
2807,0,0,0,0,0,0,0,SP,
1052,0,0,0,0,0,0,0,AUS,
9760,0,0,0,0,0,1,0,SA,
7101,0,0,0,0,0,0,0,SP,
9909,0,0,0,0,0,1,0,AUS,
5907,0,0,0,0,0,0,0,SP,
793,0,0,0,0,0,0,0,AUS,
8832,0,0,0,0,0,0,0,GER,
2535,0,1,1,1,0,1,0,SP,
1523,0,0,0,0,0,0,0,SA,
1839,0,0,0,0,0,0,0,IND,
9972,1,0,0,0,1,0,0,SA,
2945,1,0,0,0,1,0,0,CA,
9291,0,0,0,0,0,0,0,SP,
2829,0,1,0,1,0,0,0,CA,
8594,0,0,0,0,0,0,0,SP,
1592,0,0,1,1,0,0,0,CA,
4310,0,0,0,1,0,1,0,AUS,
6950,0,0,0,0,0,0,0,CA,
8492,0,0,0,1,0,0,0,SP,
5684,0,0,0,0,0,0,0,SP,
5909,0,0,0,0,0,0,0,GER,
9855,0,0,0,1,0,0,0,SP,
975,0,0,0,0,0,0,0,AUS,
8754,0,0,0,0,0,0,0,SP,
1456,0,0,0,0,0,0,0,IND,
2849,0,0,0,0,0,0,0,CA,
9984,1,0,0,1,0,1,0,SP,
5527,0,0,0,0,0,0,0,SP,
5628,1,0,0,0,0,0,0,US,
7627,0,0,1,1,0,1,0,SP,
1351,0,0,1,0,0,0,0,SP,
10629,0,0,0,0,0,0,0,GER,
10395,0,0,0,0,0,0,0,SP,
6961,0,0,0,0,0,0,0,SP,
10196,0,0,0,0,0,0,0,US,
6182,0,0,0,0,0,0,0,US,
10432,0,0,0,0,0,0,0,CA,
1542,0,0,0,0,0,0,0,US,
4220,0,0,0,0,0,0,0,CA,
4141,0,0,0,0,0,0,0,US,
1940,0,0,0,0,0,0,0,AUS,
1506,0,0,0,0,0,1,0,SP,
6347,0,0,0,0,0,0,0,SP,
1361,0,1,1,0,0,1,0,SP,
9422,0,0,0,0,0,0,0,AUS,
1081,0,0,0,0,0,0,0,SA,
7458,0,0,0,0,0,0,0,AUS,
1012,0,0,0,0,0,0,0,AUS,
5453,0,0,0,1,0,0,0,SA,
6818,0,0,0,0,0,0,0,SP,
7807,0,0,0,0,0,0,0,SP,
7532,0,0,0,0,0,0,0,GER,
8346,1,0,0,0,0,1,0,SP,
5564,0,0,0,0,0,0,0,AUS,
3267,0,1,0,0,0,0,0,CA,
3091,0,0,0,0,0,0,0,SA,
762,0,0,0,0,0,0,0,SP,
8029,0,1,1,1,0,1,0,US,
4376,1,0,0,0,0,1,0,SP,
10981,0,0,0,0,0,0,0,SA,
486,0,0,0,0,0,0,0,CA,
1158,0,0,0,0,0,0,0,SP,
9119,0,0,0,0,0,0,0,US,
6694,0,0,0,0,0,0,0,SP,
10573,1,0,0,0,0,0,0,IND,
10140,0,1,0,0,1,0,0,IND,
2286,0,0,0,0,0,0,0,CA,
8420,0,0,0,0,0,0,0,SP,
10065,0,0,0,0,0,0,0,SP,
1029,0,0,0,0,0,0,0,SP,
4207,1,0,1,0,0,0,0,SP,
10277,0,0,0,0,0,0,0,SP,
4436,0,0,0,0,0,0,0,SP,
2929,0,0,0,0,0,0,0,SP,
6281,1,0,0,0,0,0,0,SP,
10390,0,0,0,0,0,0,0,SP,
2574,0,1,0,1,1,1,0,SP,
709,0,0,0,0,0,0,0,SA,
5955,0,0,0,0,0,0,0,SP,
8486,0,0,0,0,0,0,0,SP,
10343,0,0,0,0,0,0,0,IND,
6652,0,0,0,0,0,0,0,CA,
8746,0,1,0,1,0,0,0,SP,
4686,0,0,1,0,0,0,0,SP,
3551,0,0,0,0,0,0,0,SP,
4338,1,0,0,0,0,0,0,SP,
4444,0,0,0,0,0,0,0,SP,
498,0,0,0,0,0,0,0,SP,
8230,0,0,0,0,0,0,0,SP,
2826,0,0,0,0,0,0,0,SP,
6222,0,0,0,0,0,0,0,SP,
7352,0,0,0,0,0,0,0,CA,
10928,0,0,0,0,0,0,0,SP,
10736,0,0,0,0,0,0,0,CA,
10163,0,0,0,0,0,1,0,SP,
6168,0,0,0,0,0,0,0,IND,
4656,1,0,0,0,0,0,0,SA,
626,0,0,0,0,0,0,0,US,
3870,0,0,0,0,0,0,0,GER,
6299,1,0,0,0,0,1,0,CA,
7798,0,0,0,0,0,0,0,CA,
9973,0,0,0,0,0,0,0,SP,
4299,0,0,0,0,0,1,0,SP,
10971,1,0,0,0,0,1,1,SP,
9931,0,0,0,0,0,0,0,SP,
6679,0,0,0,0,0,0,0,SP,
5961,0,0,0,0,0,0,0,SP,
6255,0,0,0,0,0,0,0,AUS,
8614,0,0,0,0,0,0,0,AUS,
7828,0,0,0,0,0,0,0,SA,
1277,0,0,0,1,0,0,0,US,
3595,0,0,0,0,0,0,0,SP,
5735,0,0,1,0,0,0,0,SP,
5350,0,0,1,0,0,1,0,SA,
4137,0,0,0,0,0,0,0,AUS,
6357,0,0,0,0,0,0,0,SA,
9316,0,0,0,0,0,0,0,US,
3578,0,0,0,0,0,0,0,SP,
153,0,0,0,0,0,0,0,SP,
10524,0,0,0,0,0,0,0,CA,
1518,0,0,0,0,0,0,0,SP,
2036,0,0,0,0,0,0,0,IND,
9495,0,0,0,0,0,0,0,SP,
2631,0,0,0,0,0,0,0,SP,
6312,0,0,0,0,0,0,0,GER,
615,0,0,0,0,0,0,0,SP,
4406,0,0,0,0,0,0,0,CA,
10061,0,0,0,0,0,0,0,US,
10619,0,0,1,0,0,1,0,SA,
4945,0,0,0,0,0,0,0,SP,
1777,0,0,0,0,0,0,0,SP,
4023,0,0,0,0,0,1,0,SP,
7922,0,1,0,0,0,0,0,SA,
10699,0,0,0,0,0,0,0,SA,
7516,0,0,0,0,0,0,0,GER,
3129,0,0,0,0,0,0,0,SP,
5121,1,0,0,0,0,0,0,CA,
2186,0,1,1,1,0,1,0,SP,
10548,0,0,0,0,0,0,0,GER,
6384,1,0,0,0,0,0,0,US,
2625,0,0,0,0,0,0,0,SA,
1676,0,0,0,0,0,0,0,SP,
5534,1,0,0,0,0,0,0,SP,
6859,0,0,0,0,0,0,0,SP,
271,1,0,0,0,0,0,0,CA,
7699,1,0,0,0,0,0,0,CA,
7832,1,0,1,1,0,1,0,SP,
938,1,0,0,0,0,0,0,SP,
7873,0,0,0,0,0,0,0,CA,
9967,0,0,0,0,0,0,0,US,
1087,0,0,0,0,0,1,0,SP,
8314,0,0,1,0,0,0,0,SP,
3762,0,0,0,1,0,1,0,SA,
10383,0,0,0,0,0,1,0,AUS,
6798,0,0,0,0,0,1,0,SA,
4168,0,0,0,0,0,1,0,SP,
6690,0,0,0,0,0,0,0,SA,
10602,0,0,0,0,0,0,0,IND,
3220,0,0,0,0,0,0,0,GER,
5424,0,0,0,0,0,0,0,SA,
7488,0,0,0,0,0,0,0,SP,
5289,0,0,0,0,0,0,0,AUS,
347,0,0,0,0,0,0,0,CA,
5236,0,1,1,1,0,0,0,SP,
9478,0,0,0,0,0,0,0,SP,
477,1,0,1,1,1,1,0,SP,
7411,0,0,0,0,0,0,0,SA,
3107,0,0,0,0,0,0,0,AUS,
7437,0,0,0,0,0,0,0,AUS,
255,0,0,0,0,0,0,1,SP,
3790,0,0,0,0,0,0,0,SA,
749,1,0,0,0,0,1,0,SP,
1503,0,0,0,0,0,0,0,SP,
8650,0,0,0,0,0,0,0,SP,
607,0,0,0,0,0,0,0,IND,
1008,1,0,0,0,0,0,0,GER,
9396,0,0,0,0,0,0,0,SA,
933,0,0,0,0,0,0,0,SP,
5710,0,1,0,0,0,0,0,AUS,
2882,0,0,0,0,0,0,0,SA,
2379,0,0,0,0,0,1,0,SA,
5342,0,0,0,0,0,0,0,CA,
3262,0,0,0,0,0,1,0,SP,
5832,0,0,0,0,0,0,0,SP,
5025,0,0,0,0,0,0,0,SP,
569,0,1,1,1,0,1,0,SP,
3102,0,0,0,0,0,0,0,CA,
9449,0,0,0,0,0,0,0,SA,
8104,0,0,0,0,0,0,0,SP,
75,0,0,0,0,0,0,0,US,
6421,0,0,0,1,0,0,0,SP,
3037,0,0,0,0,0,0,0,CA,
4698,0,0,0,0,0,0,0,SP,
948,0,0,0,0,0,0,0,SP,
6177,0,0,0,0,0,0,0,US,
3517,0,0,0,0,0,1,0,SP,
3491,0,0,0,0,0,0,0,US,
7610,0,0,0,0,0,0,0,SP,
4377,1,0,0,0,0,0,0,CA,
9850,0,0,0,0,0,0,0,SP,
5544,0,1,0,0,0,0,0,SP,
6497,0,0,0,0,0,0,0,AUS,
4543,0,0,1,0,0,0,0,SA,
5117,0,0,0,0,0,0,0,SP,
1448,0,0,0,0,0,0,0,IND,
6887,0,0,0,0,0,0,0,GER,
7500,0,0,0,0,0,0,0,SP,
2724,0,0,0,0,0,0,0,SP,
2256,0,0,0,0,0,0,0,SP,
1100,0,0,0,0,0,0,0,CA,
7725,0,0,0,0,0,0,0,IND,
2612,0,0,0,1,0,0,0,SA,
113,0,0,0,0,0,0,0,SP,
2868,0,0,0,0,0,1,0,US,
4216,0,0,1,1,0,1,0,SP,
199,0,1,0,0,0,0,0,CA,
359,0,0,0,0,0,0,1,SP,
8842,0,0,0,0,0,0,0,SP,
2154,0,0,0,0,0,0,0,SP,
6050,1,0,0,0,0,0,0,IND,
9204,0,0,0,0,0,0,0,SP,
4472,0,0,0,0,0,0,0,AUS,
6864,0,0,0,0,0,0,0,AUS,
10617,0,0,0,0,0,0,0,SP,
3924,0,1,0,0,0,0,0,SA,
5654,0,0,0,0,0,0,0,AUS,
9216,0,0,0,0,0,0,0,CA,
8086,0,0,0,0,0,0,0,SA,
9097,0,0,0,0,0,0,0,SP,
7631,0,0,0,0,0,0,0,IND,
7275,0,0,0,0,0,0,0,US,
8334,0,0,0,0,0,0,0,SP,
1987,0,0,0,0,0,0,0,SP,
2281,1,0,0,0,0,0,0,GER,
7034,0,0,0,0,0,0,0,CA,
2797,0,0,0,0,0,0,0,SP,
3934,0,0,0,0,0,0,0,IND,
2493,0,0,0,0,0,0,0,GER,
3759,1,0,0,0,0,0,0,SP,
965,0,0,0,0,0,0,0,US,
7378,1,0,0,0,0,0,0,SP,
1859,0,0,0,0,0,1,0,GER,
6263,0,0,0,0,0,0,0,SP,
2072,1,0,0,0,0,1,0,CA,
8908,0,0,0,0,0,1,0,CA,
738,0,0,0,0,0,0,0,IND,
10129,0,0,1,0,0,0,0,SP,
807,0,0,0,0,0,0,0,IND,
3334,0,0,1,1,0,0,0,SP,
5423,0,0,0,0,0,0,0,SA,
4426,0,0,0,1,0,0,0,US,
10489,0,0,1,1,0,1,0,SA,
2570,0,1,0,0,1,1,0,SP,
3834,0,0,0,0,0,0,0,US,
590,0,0,0,0,0,1,0,SP,
4791,0,0,0,0,0,0,0,AUS,
5304,0,0,0,0,0,0,0,SA,
2426,0,0,0,0,0,1,0,SP,
35,0,0,0,0,0,1,0,SP,
8041,0,0,0,0,0,0,0,SA,
3584,1,0,0,0,0,1,0,CA,
7718,0,0,0,0,0,0,0,SP,
8605,0,0,0,0,0,0,0,SP,
1646,0,0,0,0,0,0,0,CA,
9206,0,0,1,0,0,0,0,SP,
10757,0,0,0,0,0,0,0,SP,
6885,0,0,0,0,0,0,0,CA,
907,0,0,0,0,0,0,0,SP,
1150,0,0,1,0,0,0,0,SP,
3867,0,0,0,0,0,0,0,SP,
3859,0,0,0,0,0,0,0,SA,
3265,0,0,0,0,0,0,0,SP,
4418,0,0,0,0,0,1,0,CA,
4611,0,0,1,1,0,1,0,SP,
4530,0,0,0,1,0,1,0,GER,
7736,1,0,0,0,0,1,0,SP,
9949,0,0,0,0,0,0,0,CA,
942,0,0,0,0,0,1,0,SP,
6181,0,0,0,0,0,0,0,US,
7660,1,0,0,0,0,1,0,CA,
2055,1,0,0,0,0,0,0,SP,
5107,1,0,0,0,0,0,0,SP,
1626,1,0,0,0,0,1,0,SA,
6428,0,0,0,0,0,0,0,SP,
9617,0,0,0,0,0,0,0,SA,
4339,0,0,0,0,0,0,0,AUS,
7235,0,0,0,0,0,0,0,GER,
8527,0,0,0,0,0,0,0,SP,
1968,0,0,0,0,0,0,0,SA,
9862,0,0,0,0,0,0,0,CA,
11075,0,0,0,0,0,0,0,CA,
6658,0,0,0,0,0,0,0,SP,
4552,0,0,0,0,0,0,0,SP,
10377,0,0,0,0,0,0,0,SP,
5336,0,0,0,0,0,0,0,SP,
10350,0,0,0,0,0,0,0,SP,
11071,0,0,0,0,0,1,0,CA,
11100,0,0,0,0,0,0,0,CA,
6516,0,0,0,0,0,0,0,AUS,
1734,0,0,0,0,0,0,0,SA,
2131,0,0,0,0,0,0,0,SP,
6439,0,0,0,0,0,0,0,SA,
10591,0,0,0,0,0,0,0,SP,
9797,0,0,0,0,0,0,0,SP,
9336,0,0,0,0,0,0,0,SP,
2174,0,0,0,0,0,0,0,US,
3197,0,0,0,0,0,0,0,SP,
9185,0,0,0,0,0,1,0,SP,
905,0,0,0,0,0,0,0,SA,
10858,0,0,0,0,0,0,0,SP,
8925,0,0,0,0,0,0,0,SP,
2499,0,0,0,0,0,0,0,SP,
1109,0,0,0,0,0,0,0,SP,
326,0,0,0,0,0,0,0,IND,
10967,0,0,0,0,0,0,0,SA,
5370,1,0,0,0,0,0,0,SP,
2098,0,0,0,0,0,0,0,SP,
1773,0,0,0,0,0,0,0,SA,
5036,0,0,0,0,0,0,0,SP,
4856,1,0,0,1,0,0,0,IND,
8722,1,0,0,1,0,1,0,CA,
2156,0,0,0,0,0,0,0,SP,
2569,0,0,0,0,0,0,0,US,
10151,0,0,0,0,0,0,0,SP,
10473,0,1,1,0,0,1,0,SP,
7079,0,0,0,0,0,0,0,SA,
6875,0,0,0,0,0,0,0,CA,
6728,0,0,0,0,0,0,0,SP,
2471,0,0,0,0,0,0,0,SA,
49,0,0,0,0,0,0,0,CA,
4973,0,0,0,0,0,0,0,CA,
6387,1,0,0,0,0,0,0,SA,
5866,0,0,0,0,0,0,0,SP,
8523,0,0,0,0,0,0,0,CA,
7901,0,0,0,0,0,0,0,AUS,
898,0,0,0,0,0,0,0,SP,
10242,0,0,0,0,0,0,0,SP,
5835,0,0,0,0,0,0,0,SP,
6919,0,0,0,0,0,0,0,SP,
6197,0,0,0,0,0,0,0,SP,
10475,0,0,0,0,0,0,0,US,
4201,0,0,0,0,0,0,0,IND,
5092,0,1,0,0,0,1,0,SP,
6566,0,0,0,0,0,0,0,AUS,
6613,0,0,0,0,0,0,0,AUS,
9094,0,0,0,0,0,1,0,SP,
9847,0,0,0,0,0,0,0,SP,
10767,0,0,1,1,0,0,0,US,
7943,0,0,0,0,0,0,0,SA,
1055,0,0,0,0,0,0,0,GER,
1458,0,0,0,0,0,0,0,SP,
8402,0,0,0,0,0,0,0,AUS,
6246,0,0,0,0,0,1,0,CA,
4654,0,0,0,0,0,0,0,SA,
6103,0,0,0,0,0,0,0,AUS,
8147,0,0,0,0,0,0,0,SP,
10207,0,0,0,0,0,0,0,SA,
4838,0,0,0,0,0,0,0,IND,
10219,0,0,0,0,0,0,0,CA,
2176,0,1,1,1,0,1,0,SA,
9121,0,1,1,1,0,1,0,AUS,
5802,0,0,0,0,0,0,0,GER,
10790,0,0,0,0,0,0,0,SP,
178,0,0,0,0,0,0,0,SP,
2308,0,0,0,0,0,0,0,SP,
7431,0,1,0,0,0,1,0,CA,
9405,0,0,0,0,0,1,0,SA,
10525,1,0,0,0,0,1,0,SP,
7503,1,0,0,0,0,1,0,GER,
8783,0,0,0,0,0,0,0,AUS,
1403,0,0,0,0,0,0,0,SP,
4643,0,0,0,0,0,0,0,AUS,
3463,0,0,0,0,0,0,0,IND,
4055,0,0,0,0,0,0,0,SP,
7010,0,0,1,0,0,0,0,SP,
4767,0,0,1,0,0,0,0,SP,
1927,0,0,0,0,0,0,0,GER,
437,0,0,0,0,0,0,0,AUS,
4331,0,1,1,0,0,0,0,SP,
4084,0,0,0,0,0,0,0,CA,
8135,0,0,0,0,0,0,0,SA,
9750,0,0,0,0,0,0,0,SP,
6682,0,0,0,0,0,0,0,SP,
10581,0,0,0,0,0,0,0,SP,
3710,0,0,0,0,0,1,1,SP,
5207,0,0,0,0,0,1,0,SP,
9360,0,0,0,0,0,0,0,US,
4679,0,0,0,0,0,0,0,SP,
1340,0,1,1,1,0,0,0,SP,
10839,0,0,0,0,0,0,0,CA,
5303,0,0,0,0,0,0,0,SA,
9829,0,0,0,0,0,0,0,SP,
10469,0,0,0,0,0,0,0,IND,
3602,0,0,0,0,0,0,0,SP,
4756,0,0,0,0,0,1,0,SP,
8181,0,0,0,0,0,0,0,SP,
6958,0,0,0,0,0,0,0,AUS,
10856,0,0,0,0,0,0,0,CA,
3321,0,0,0,0,0,0,0,CA,
5394,0,0,0,0,0,0,0,SP,
433,0,0,0,0,0,0,0,CA,
6320,0,0,0,0,0,0,0,SP,
5376,0,0,0,0,0,0,0,US,
1867,0,0,0,0,0,1,0,SP,
4324,0,0,0,0,0,0,0,SP,
3661,0,0,0,0,0,0,0,IND,
521,0,0,0,0,0,0,0,SP,
10403,0,0,0,0,0,0,0,CA,
7186,1,0,0,0,0,0,0,IND,
4329,0,0,0,0,0,0,0,AUS,
4394,0,1,1,0,0,0,0,SP,
1717,0,0,0,0,0,0,0,SA,
1016,0,0,0,0,0,0,0,CA,
3783,0,0,0,0,0,0,0,SA,
5848,1,0,1,0,1,1,0,IND,
10727,0,0,0,0,0,0,0,SP,
5299,0,0,0,0,0,0,0,SP,
6872,0,0,0,0,0,0,0,SA,
1143,0,0,0,0,0,0,0,CA,
10381,0,0,0,0,0,0,0,SP,
11007,0,0,0,0,0,0,0,SP,
9145,0,0,0,0,0,0,0,CA,
5267,0,0,0,0,0,0,0,SP,
9738,0,0,0,0,0,0,0,SA,
10212,0,0,0,0,0,0,0,IND,
10010,0,0,0,0,0,1,0,AUS,
10069,1,0,0,0,0,0,0,SA,
2694,0,0,0,0,0,0,0,SP,
10613,0,0,0,0,0,0,0,SP,
4646,0,0,0,1,0,0,0,CA,
6935,0,0,0,1,0,0,0,IND,
5596,0,0,0,0,0,0,0,SA,
1044,0,0,0,0,0,0,0,AUS,
9274,0,0,0,1,0,0,0,SA,
9076,0,0,0,0,0,0,0,SA,
4947,0,1,0,1,0,1,0,SP,
10176,0,1,0,0,1,1,0,SP,
3507,0,0,0,0,0,1,0,US,
9235,0,0,0,0,0,0,0,GER,
10341,0,0,0,0,0,0,0,AUS,
2639,0,0,0,0,0,0,0,SA,
6201,0,0,0,0,0,0,1,SP,
7397,0,0,0,0,0,0,0,SP,
2181,0,0,0,0,0,0,0,SP,
1204,0,0,0,1,0,0,0,SA,
1170,0,0,0,0,0,0,0,SP,
8812,0,0,0,0,0,0,0,SP,
4690,0,0,0,0,0,0,0,CA,
1715,0,0,0,0,0,0,0,AUS,
10821,0,0,0,0,0,0,0,SP,
6543,0,0,0,0,0,0,0,CA,
7119,0,0,0,0,0,0,0,SA,
3518,0,0,0,0,0,0,0,IND,
1245,0,1,0,0,0,0,0,SP,
2561,0,1,0,0,0,0,0,GER,
9624,0,0,0,0,0,0,0,SP,
10509,0,0,0,0,0,0,0,US,
7629,0,0,0,0,0,0,0,SP,
7875,0,1,1,1,0,1,0,AUS,
2815,0,0,0,0,0,0,0,SP,
2936,0,0,0,0,0,0,0,SA,
3665,0,0,0,0,0,0,0,SP,
10888,0,0,0,0,0,0,0,US,
6637,0,0,0,0,0,0,0,IND,
5077,0,0,0,0,0,0,0,CA,
6173,0,0,0,0,0,0,0,SP,
3969,0,0,0,0,0,0,0,GER,
4580,1,0,1,1,0,1,0,SA,
663,0,0,0,0,0,0,0,SP,
8299,0,0,0,0,0,0,0,SA,
8945,0,0,0,0,0,0,0,SA,
10870,0,0,0,0,0,0,0,SA,
1184,0,0,0,0,0,0,0,SA,
6141,0,0,0,0,0,0,0,CA,
8825,0,0,0,0,0,0,0,SA,
2217,0,0,0,0,0,0,0,IND,
4102,0,0,0,0,0,0,0,SP,
4653,0,0,0,0,0,0,0,SA,
10092,0,0,0,0,0,0,0,SP,
5788,0,0,0,0,0,0,0,GER,
4669,0,0,0,0,0,0,0,SA,
6295,0,0,0,0,0,0,0,SP,
7453,1,0,0,0,0,1,0,SP,
10841,0,0,0,0,0,0,0,SP,
821,0,0,0,0,0,0,0,CA,
3933,0,0,0,0,0,0,0,SA,
1225,1,0,0,0,0,0,0,SA,
7059,1,0,0,0,0,0,0,SP,
5633,0,0,0,0,0,0,0,SA,
843,0,0,0,0,0,0,0,SP,
6211,0,0,0,0,0,0,0,SP,
7007,0,0,0,0,0,0,0,SP,
9671,1,0,0,0,0,1,0,SP,
8975,1,0,0,0,0,0,0,SP,
6616,0,0,0,0,0,0,0,SP,
6248,0,0,1,0,0,1,0,SP,
7428,0,0,0,0,0,0,0,AUS,
3075,0,0,0,0,0,0,0,SP,
2937,0,0,0,0,0,0,0,CA,
203,0,0,0,0,0,0,0,SP,
2021,0,0,0,0,0,0,0,SP,
880,0,0,0,0,0,0,0,SP,
524,0,0,0,0,0,0,0,AUS,
10837,0,0,0,0,0,1,0,CA,
7011,0,0,0,0,0,0,0,SA,
4184,0,0,0,0,0,0,0,SP,
7679,0,0,0,0,0,0,0,SP,
7485,0,0,0,0,0,0,0,SA,
7530,0,0,0,0,0,0,0,SP,
4369,0,0,0,0,0,0,0,CA,
10652,0,0,0,0,0,0,0,CA,
286,0,0,0,0,0,0,0,SP,
5922,0,0,0,0,0,0,0,SP,
7250,0,0,0,0,0,0,0,CA,
2478,0,0,0,0,0,0,0,SP,
1160,0,0,0,0,0,0,0,SP,
9214,0,0,0,0,0,0,0,SP,
273,0,1,0,0,0,0,0,GER,
851,0,0,0,0,0,0,0,CA,
9729,0,0,0,0,0,0,0,GER,
9665,0,0,0,0,0,0,0,SA,
2620,0,0,0,0,0,1,0,SA,
8254,0,0,0,0,0,0,0,GER,
3852,0,0,0,0,0,0,0,IND,
1000,0,0,0,0,0,0,0,SP,
3099,0,0,0,0,0,0,0,SP,
6318,0,0,0,0,0,0,0,CA,
5396,0,0,0,0,0,0,0,AUS,
7966,0,0,0,0,0,0,1,SP,
454,0,0,0,0,0,0,0,SA,
309,0,1,0,0,0,0,0,SA,
3571,0,1,0,0,0,1,0,SP,
8395,0,0,0,0,0,1,0,SA,
2591,0,0,0,0,0,0,0,US,
1640,0,0,0,0,0,0,0,SP,
810,0,0,0,0,0,0,0,SP,
9423,0,0,0,0,0,0,0,SP,
4345,0,0,0,0,0,0,0,AUS,
89,0,0,0,0,0,0,0,SA,
5294,0,0,0,0,0,0,0,SP,
1321,0,0,0,0,0,0,0,CA,
2686,0,0,0,0,0,0,0,AUS,
1215,0,0,0,1,0,0,0,SP,
9283,0,0,0,0,0,0,0,CA,
3120,0,0,0,0,0,0,1,CA,
5868,0,0,0,0,0,0,0,CA,
8143,0,1,0,1,0,1,0,SP,
3479,1,0,0,0,0,0,0,CA,
7214,0,0,0,0,0,0,0,SP,
5543,0,1,0,0,0,0,0,SP,
9347,0,0,0,0,0,0,0,SP,
10160,0,0,0,0,0,0,0,SP,
1406,0,0,0,0,0,0,0,SP,
7019,0,0,0,0,0,0,0,SA,
2157,0,0,0,0,0,0,0,CA,
8939,0,0,0,0,0,0,0,SP,
10250,0,0,0,0,0,0,0,SP,
1272,0,0,0,0,0,0,0,AUS,
3007,0,0,0,0,0,0,0,IND,
5513,0,0,0,0,0,0,0,SP,
679,0,0,0,0,0,0,0,SP,
8876,0,0,0,0,0,0,0,SP,
10827,0,0,0,0,0,0,0,AUS,
7300,0,1,0,0,0,0,0,IND,
4268,0,0,0,0,0,0,0,US,
4603,0,0,0,0,0,0,0,SP,
8659,0,0,0,0,0,0,0,GER,
10708,0,0,0,0,0,0,0,SP,
1176,0,0,0,0,0,0,0,SP,
10380,0,0,0,0,0,0,0,IND,
7037,0,0,0,0,0,0,0,SA,
11096,0,0,0,0,0,0,0,SP,
6374,0,0,0,0,0,0,0,SP,
5552,0,0,0,0,0,0,0,SA,
2245,0,0,0,0,0,0,0,SP,
6200,0,0,0,0,0,0,0,SP,
9904,0,0,0,0,0,0,0,CA,
10031,0,0,0,0,0,0,0,SA,
6642,0,0,0,0,0,0,0,SA,
10882,0,0,0,0,0,0,0,SP,
5636,0,0,0,0,0,1,0,IND,
8692,0,0,0,0,0,0,0,SP,
8091,0,0,0,0,0,0,0,IND,
8080,0,0,0,0,0,0,0,IND,
8370,0,0,0,0,0,0,0,CA,
4550,0,0,0,0,0,0,0,SP,
3381,0,0,0,0,0,0,0,CA,
10556,0,0,0,1,0,0,0,SP,
9467,0,0,0,0,0,0,0,SP,
2891,0,0,0,0,0,0,0,US,
5011,0,0,0,0,0,0,0,SP,
8140,0,0,0,0,0,0,0,AUS,
11039,0,0,0,0,0,0,0,SP,
78,0,0,0,0,0,0,0,SP,
5517,0,0,0,0,0,0,0,AUS,
5290,0,0,0,0,0,0,0,CA,
4128,0,0,0,0,0,0,0,SA,
8534,0,1,0,0,0,0,0,SP,
9592,0,0,0,0,0,0,0,SP,
8957,0,0,0,0,0,0,0,SA,
9308,0,0,0,0,0,0,0,SA,
544,0,0,0,0,0,0,0,SP,
5989,0,0,0,0,0,0,0,CA,
635,0,0,0,0,0,0,0,SP,
6673,0,0,0,0,0,0,0,US,
1710,0,0,0,0,0,0,0,SP,
523,0,0,0,0,0,0,0,SP,
8977,0,0,0,0,0,0,0,SP,
9736,0,0,0,0,0,0,0,US,
1544,0,0,0,0,0,0,0,CA,
6575,0,0,0,0,0,0,0,SA,
6147,0,0,0,0,0,0,0,GER,
6354,0,0,0,0,0,1,0,SP,
4769,0,1,0,0,0,0,0,SP,
7540,0,0,0,0,0,0,0,SP,
5247,0,0,0,0,0,0,0,SP,
5987,0,0,0,0,0,0,0,SP,
9960,0,0,0,0,0,0,0,SA,
10972,0,1,1,0,0,0,0,SP,
1399,0,0,0,1,0,0,0,SP,
2698,0,0,0,0,0,0,0,US,
6340,0,0,0,0,0,0,0,SA,
4107,0,0,0,0,0,0,0,SP,
10906,0,0,0,0,0,0,0,SA,
2557,1,0,0,0,0,0,0,SP,
8786,0,0,0,0,0,0,0,GER,
7187,0,0,0,0,0,0,0,AUS,
6119,0,0,0,0,0,0,0,SP,
2980,0,0,0,0,0,0,0,CA,
3850,0,0,0,0,0,0,0,IND,
1077,0,0,0,0,0,0,0,SP,
9733,1,0,0,0,0,0,0,IND,
8462,1,0,0,0,0,0,0,SP,
4764,0,0,0,0,0,1,0,SA,
2223,0,0,0,0,0,0,0,SP,
7788,0,0,0,0,0,0,0,SP,
5827,0,0,0,0,0,0,0,SA,
2958,0,0,0,0,0,0,0,SP,
4954,0,0,0,0,0,0,0,SP,
3139,0,1,0,0,0,0,0,SA,
9952,0,0,0,0,0,0,0,SA,
8180,0,0,0,0,0,0,0,US,
3276,0,0,0,0,0,0,0,SA,
4994,0,0,1,0,0,0,0,SP,
3598,0,0,0,0,0,0,0,SP,
945,0,0,0,0,0,0,0,SP,
5048,0,0,0,0,0,0,0,SA,
6214,0,0,0,0,0,0,0,SP,
6230,0,0,0,0,0,0,0,SP,
2968,1,0,0,0,0,1,0,AUS,
8800,1,0,0,0,0,1,0,SA,
1907,0,0,0,0,0,1,0,SP,
10478,0,0,0,0,0,1,0,SA,
4188,0,0,0,0,0,1,0,AUS,
8720,0,1,0,0,0,0,0,IND,
2225,1,0,0,1,0,1,0,AUS,
4790,0,0,0,0,0,0,0,SP,
1131,0,0,0,0,0,0,0,SA,
202,0,0,0,0,0,0,0,IND,
9589,0,0,0,0,0,0,0,IND,
3900,0,0,0,0,0,0,0,CA,
9958,0,0,0,0,0,0,0,AUS,
8955,1,0,0,0,0,0,0,SP,
10033,0,0,0,0,0,0,0,GER,
5751,0,0,0,0,0,0,0,CA,
3308,0,0,0,0,0,0,0,SA,
7297,0,0,0,0,0,0,0,SA,
8008,0,0,0,0,0,0,0,SP,
1232,0,0,0,0,0,0,0,GER,
2345,0,0,0,0,0,0,0,AUS,
1628,0,0,0,0,0,0,0,SA,
5081,0,0,0,0,0,0,0,SP,
839,0,0,0,0,0,0,0,SP,
3706,1,0,0,0,0,1,0,SP,
5154,0,0,0,0,0,0,0,SP,
8584,0,0,0,0,0,0,0,SP,
6583,0,0,0,1,0,0,0,SP,
3433,0,0,0,1,0,0,0,SP,
10486,0,0,0,0,0,0,0,SP,
8687,0,0,0,0,0,0,0,IND,
7842,0,0,0,0,0,0,0,SP,
3749,0,0,0,0,0,0,0,CA,
1331,0,0,0,0,0,0,0,AUS,
5995,0,0,0,0,0,1,0,SP,
8985,0,0,0,0,0,0,0,SP,
2798,0,1,1,1,0,1,0,SA,
7108,0,0,0,0,0,0,0,SA,
2781,0,0,1,1,0,1,0,SA,
3623,0,0,0,0,0,0,0,IND,
194,0,0,0,0,0,0,0,SP,
10833,0,1,0,0,0,0,0,SP,
2315,0,0,0,0,0,0,0,SP,
6336,0,0,0,0,0,0,0,SA,
10738,0,0,0,0,0,0,0,AUS,
8286,0,1,0,0,0,0,0,SA,
2166,0,0,0,0,0,0,0,SA,
10691,0,0,0,0,0,0,0,SP,
9739,0,0,0,0,0,0,0,SP,
1829,0,1,0,0,0,1,0,SP,
6260,0,0,1,0,0,1,0,AUS,
10448,1,0,0,0,0,0,0,SP,
1343,0,0,0,0,0,0,0,US,
4749,0,0,0,0,0,0,0,IND,
531,0,0,0,0,0,1,0,SP,
6905,0,0,0,0,0,0,0,SP,
1045,0,0,0,0,0,0,0,SP,
4012,0,0,0,0,0,1,0,GER,
5529,0,0,0,1,0,0,0,CA,
4001,0,0,0,1,0,0,0,SA,
10420,0,0,0,0,0,0,0,US,
7723,0,0,0,0,0,0,0,GER,
2963,0,0,0,0,0,0,0,AUS,
10634,0,0,0,0,0,0,0,SP,
5180,0,0,0,0,0,0,0,SP,
6866,0,0,0,0,0,0,0,SA,
1328,0,0,0,0,0,0,0,SA,
1139,1,0,1,1,0,1,0,SP,
4961,0,0,0,0,0,0,0,SP,
5177,0,0,0,0,0,0,0,SA,
2075,0,0,0,0,0,0,0,SA,
3428,0,0,0,0,0,0,0,SP,
4500,0,0,0,0,0,0,0,SP,
7369,0,0,0,0,0,0,0,SP,
4381,0,0,0,0,0,0,0,SP,
9964,0,0,0,0,0,0,0,SP,
1630,0,0,0,0,0,0,0,SP,
5012,0,0,0,0,0,0,0,SP,
6918,0,0,0,0,0,0,0,SP,
7822,0,0,0,0,0,0,0,SP,
10156,0,0,0,0,0,0,0,SP,
3033,0,0,0,0,0,0,0,AUS,
4119,0,0,0,0,0,0,0,GER,
11110,0,0,0,0,0,0,0,IND,
332,0,1,0,0,0,0,0,SP,
737,0,1,1,1,0,0,0,SP,
10319,0,1,0,0,0,0,0,SP,
2683,0,0,0,0,0,0,0,CA,
3445,0,0,0,0,0,1,0,SA,
10913,1,0,0,0,0,1,0,SP,
4427,1,0,1,0,0,1,1,SP,
8717,0,0,0,0,0,0,0,IND,
2066,0,0,0,0,0,0,0,SP,
3340,0,0,0,0,0,1,0,CA,
8685,0,0,0,0,0,1,0,SA,
4149,0,0,0,0,0,0,0,SP,
8726,0,0,0,0,0,0,0,CA,
2295,0,0,0,0,0,0,0,SA,
3283,0,0,0,0,0,0,0,SP,
1915,0,0,0,0,0,0,0,GER,
800,0,0,0,0,0,0,0,SA,
9166,0,0,0,0,0,0,0,SP,
5147,0,0,0,0,0,0,0,SP,
13,0,0,0,0,0,0,0,SA,
8557,0,0,0,0,0,0,0,AUS,
8724,0,0,0,0,0,0,0,SP,
9381,0,0,0,0,0,0,0,AUS,
9384,0,0,0,0,0,0,0,AUS,
3560,0,0,1,0,0,0,0,GER,
241,0,0,1,0,0,0,0,SP,
7521,0,0,1,0,0,0,0,CA,
9799,0,0,0,0,0,0,0,SP,
5123,0,0,0,0,0,0,0,SP,
448,0,0,0,0,0,0,0,SP,
4837,0,0,0,0,0,0,0,SP,
9365,0,0,0,0,0,0,0,SP,
8932,0,0,0,0,0,0,0,SA,
7055,0,0,0,0,0,0,0,CA,
3537,0,0,0,0,0,0,0,SP,
9081,0,0,0,0,0,0,0,SP,
4988,0,0,0,0,0,0,0,SA,
1050,0,0,0,0,0,0,0,GER,
5610,0,0,0,0,0,0,0,IND,
3526,0,0,0,0,0,0,0,SP,
5136,0,1,1,0,0,0,0,CA,
1411,0,0,0,0,0,0,0,SP,
701,1,0,0,0,0,0,0,SP,
6203,0,0,0,0,0,0,0,SP,
7192,0,0,0,0,0,0,1,SP,
5181,0,0,0,0,0,0,0,SP,
9220,0,0,0,0,0,1,0,SP,
7734,0,0,1,1,0,1,0,AUS,
10446,0,1,1,1,0,1,0,CA,
5524,0,0,0,0,0,1,0,US,
3830,0,0,0,0,0,0,0,CA,
5186,0,1,0,0,0,0,0,CA,
8514,0,0,0,0,0,0,0,SP,
7165,0,0,0,0,0,0,0,SP,
10236,0,0,0,0,0,0,0,SA,
2392,0,0,0,0,0,0,0,SP,
1920,0,0,0,0,0,0,0,SP,
3673,0,0,0,0,0,0,0,SA,
1453,0,0,0,0,0,0,0,SP,
4518,0,0,0,0,0,0,0,CA,
8969,0,0,0,0,0,0,0,SA,
387,0,0,0,0,0,0,0,US,
1079,0,1,0,0,0,0,0,IND,
164,0,0,0,0,0,0,0,SP,
3434,0,0,0,0,0,0,0,SP,
5721,0,0,1,0,0,0,0,CA,
8418,0,0,0,0,0,0,0,GER,
5300,0,0,0,0,0,0,0,SP,
10424,0,0,0,0,0,0,0,SA,
11171,0,0,0,0,0,0,0,AUS,
1600,0,0,0,0,0,0,0,SA,
7851,0,0,0,0,0,0,0,SP,
10701,0,0,1,1,0,0,0,US,
891,0,0,0,0,0,0,0,SP,
6912,0,0,0,0,0,0,0,SP,
5967,0,0,0,0,0,0,0,GER,
2109,0,0,1,0,0,1,0,SP,
6292,0,0,1,0,0,1,0,GER,
8537,0,0,0,1,0,1,0,SP,
9576,0,0,0,0,0,0,0,SP,
5935,0,0,0,0,0,0,0,IND,
10264,1,0,0,0,0,1,0,SA,
234,1,0,0,0,0,1,0,SP,
3202,0,1,1,0,0,0,0,SA,
1103,1,0,1,0,0,1,0,AUS,
610,0,0,0,0,0,0,0,AUS,
4480,0,0,0,0,0,0,0,SA,
10660,0,1,0,0,0,0,0,SP,
9353,0,1,0,0,0,0,0,IND,
4120,0,0,0,0,0,0,0,IND,
2836,0,0,0,0,0,0,0,GER,
9579,0,0,0,0,0,0,0,CA,
5841,0,0,0,0,0,0,0,SP,
3174,0,1,1,1,1,1,0,SP,
5536,0,1,1,1,1,1,0,CA,
2061,0,1,0,0,0,0,0,SP,
8477,0,0,0,0,0,0,0,SP,
640,0,0,0,0,0,0,0,SP,
3828,0,0,0,0,0,0,0,SP,
4093,0,0,0,0,0,0,0,CA,
8624,0,0,0,0,0,0,0,SA,
2802,0,0,0,0,0,0,0,AUS,
368,0,0,0,0,0,0,0,IND,
3599,0,0,0,0,0,0,0,SP,
3389,0,0,0,0,0,0,0,SP,
10710,0,0,0,0,0,0,0,SP,
7118,1,0,0,0,0,1,0,CA,
4937,0,0,0,0,0,0,0,SP,
1127,0,0,1,0,0,0,0,SP,
833,0,0,0,0,0,0,0,SP,
3565,0,0,0,0,0,0,0,SP,
6086,0,0,0,1,0,0,0,AUS,
1763,1,0,1,1,0,1,0,CA,
4697,0,0,0,0,0,0,0,SA,
182,0,0,0,0,0,0,0,SP,
1165,0,0,0,0,0,0,0,SA,
5386,0,1,1,1,0,1,0,SA,
6024,0,1,1,1,0,1,0,SP,
2678,0,0,0,0,0,0,0,AUS,
5790,0,0,0,0,0,0,0,SP,
236,0,0,0,0,0,0,0,CA,
6001,0,0,0,0,0,0,0,SP,
6250,0,0,0,0,0,1,0,SP,
1168,0,0,0,0,0,0,0,SP,
10749,0,0,0,0,0,0,0,SP,
2926,0,1,0,0,1,0,0,SA,
716,0,0,0,0,0,0,0,SP,
6544,0,0,0,0,0,0,0,GER,
4298,0,0,0,0,0,0,0,SP,
5823,0,0,0,0,0,0,0,IND,
8375,0,0,0,0,0,0,0,AUS,
5723,0,0,0,0,0,0,0,SP,
5763,0,0,0,0,0,0,0,CA,
8727,0,0,0,0,0,0,0,SA,
3056,0,0,0,0,0,0,0,SA,
8442,0,0,0,0,0,0,0,CA,
3712,0,1,0,0,0,0,0,IND,
10722,1,0,0,0,0,0,0,IND,
2406,0,0,0,0,0,0,0,AUS,
7313,0,0,0,1,0,0,0,CA,
2656,0,0,0,0,0,0,0,CA,
1993,0,1,0,0,0,0,0,US,
4136,0,0,0,0,0,0,0,SP,
2928,0,0,0,0,0,0,0,SP,
2920,0,0,0,0,0,0,0,ME,
6661,0,0,0,0,0,0,0,SP,
5462,0,0,0,0,0,0,0,IND,
10897,0,0,0,0,0,0,0,AUS,
10542,0,0,0,0,0,0,0,SP,
5756,0,0,0,0,0,0,0,SP,
3570,0,0,0,0,0,0,0,SA,
1072,0,0,0,0,0,0,0,CA,
9606,0,0,1,1,0,1,0,SP,
2730,0,0,0,0,0,0,0,CA,
2995,0,0,0,0,0,0,0,SP,
8210,0,0,0,0,0,0,0,SP,
773,0,0,0,0,0,0,0,IND,
5272,0,0,0,0,0,0,0,SA,
5125,0,0,0,0,0,0,0,SP,
4391,0,0,0,0,0,0,0,SA,
6283,0,0,0,0,0,0,0,SP,
3421,0,0,0,0,0,0,0,AUS,
5731,0,0,0,0,0,0,0,SP,
7152,0,0,0,0,0,0,0,GER,
3919,0,0,0,1,0,1,0,CA,
6097,0,0,0,0,0,0,0,SA,
5150,0,0,0,0,0,0,0,SP,
10479,0,0,0,0,0,0,0,AUS,
5966,0,1,0,0,0,0,0,SP,
3439,0,0,0,0,0,0,0,SP,
6609,0,0,0,0,0,1,0,SA,
5393,0,0,0,0,0,0,0,SP,
9014,0,0,0,0,0,0,0,IND,
4050,0,0,0,0,0,0,0,CA,
6862,0,0,0,0,0,0,0,SP,
8315,0,0,0,0,0,0,0,US,
5184,0,0,0,0,0,0,0,SP,
3643,0,0,1,0,0,0,0,CA,
2589,0,0,0,0,0,0,0,AUS,
4887,0,0,0,0,0,0,0,CA,
10104,0,0,0,0,0,0,0,CA,
3254,0,0,0,0,0,0,0,SP,
2004,0,0,0,0,0,0,0,SP,
6142,0,0,0,0,0,0,1,SP,
8553,0,0,0,0,0,0,0,SP,
9805,0,0,0,0,0,0,0,CA,
849,0,0,0,0,0,0,0,SP,
1606,0,0,0,0,0,0,0,SA,
125,0,1,0,0,0,0,0,IND,
9305,0,0,0,0,0,0,0,SP,
4706,0,0,0,0,0,0,0,CA,
4437,0,0,0,0,0,0,0,SP,
3081,0,0,0,0,0,0,0,SP,
3536,0,0,0,0,0,0,0,IND,
8686,0,0,0,0,0,0,0,SP,
9707,0,1,0,0,1,0,0,SP,
10872,0,1,0,0,1,0,0,SP,
9058,1,0,1,1,0,1,0,SP,
4640,0,0,0,0,0,0,0,SA,
2525,0,0,0,0,0,1,0,CA,
9503,0,0,0,0,0,0,0,SP,
10704,0,0,0,0,0,0,0,SP,
2669,0,0,0,0,0,0,0,SP,
10037,0,0,0,0,0,0,0,SA,
5680,0,0,0,0,0,0,0,SP,
3726,0,0,0,0,0,0,0,SA,
4548,0,0,0,0,0,0,0,CA,
4599,0,0,0,0,0,0,0,CA,
879,0,0,0,0,0,0,0,SA,
7409,0,0,0,0,0,0,0,SP,
1964,0,0,0,0,0,0,0,SP,
0,0,0,0,0,0,0,0,SA,
4860,0,0,0,0,0,0,0,SP,
425,0,0,0,0,0,0,0,IND,
9500,0,0,0,0,0,0,1,SP,
3074,0,0,0,0,0,1,0,SP,
5140,0,0,0,0,0,0,0,SP,
2611,0,0,1,0,0,0,0,SA,
916,0,0,0,0,0,0,0,SP,
10413,0,0,0,0,0,0,0,SP,
3696,0,0,0,0,0,0,0,SP,
304,0,0,0,0,0,0,0,SP,
5113,1,0,0,0,0,1,0,SP,
2863,0,1,0,1,0,0,0,SP,
4597,0,0,0,0,0,0,0,SA,
675,0,0,0,0,0,0,0,SP,
4483,0,0,0,0,0,0,0,SA,
1502,0,0,0,0,0,0,0,SP,
736,0,0,0,0,0,0,0,IND,
4487,0,0,0,0,0,1,0,SA,
3412,0,1,0,0,0,0,0,SP,
1744,0,0,0,0,0,0,0,SP,
5837,0,0,0,0,0,0,0,SP,
3422,0,1,0,0,1,0,0,GER,
7462,0,0,0,0,0,0,0,CA,
10702,0,0,0,0,0,0,0,SP,
2115,0,1,0,0,0,0,0,GER,
4138,1,0,0,0,0,0,0,SP,
11091,0,0,0,0,0,0,0,GER,
7712,0,0,0,0,0,0,0,US,
3535,0,0,0,0,0,0,0,SP,
5899,1,0,0,0,0,0,0,US,
8749,0,0,0,0,0,0,0,SP,
10955,0,0,0,0,0,1,0,SP,
9491,0,0,0,0,0,0,0,SA,
5286,0,0,0,0,0,0,0,CA,
3409,1,0,0,0,0,0,0,SA,
2544,0,0,0,0,0,0,0,IND,
2118,0,0,0,0,0,0,0,SP,
9370,0,0,0,0,0,0,0,CA,
4864,0,0,0,0,0,0,0,CA,
405,1,0,0,0,0,0,0,SP,
10513,0,0,0,1,0,0,0,SP,
5138,0,0,0,0,0,0,0,SP,
8387,0,0,0,0,0,0,0,SP,
378,0,0,0,0,0,0,0,SP,
5846,0,0,0,0,0,0,0,GER,
8870,0,0,0,0,0,1,0,SP,
10340,0,0,0,0,0,0,0,SP,
7290,0,0,0,0,0,0,0,SP,
8895,0,0,0,0,0,0,0,SP,
3635,0,0,0,0,0,0,0,SA,
11178,0,0,0,0,0,0,0,GER,
2410,0,0,0,0,0,0,0,SP,
3281,0,0,0,0,0,0,0,SP,
9905,1,0,0,0,0,0,0,SP,
2437,0,1,0,1,0,0,0,SP,
2565,0,1,0,0,0,0,0,SA,
7912,1,0,0,0,0,0,0,US,
7072,0,0,0,0,0,0,0,AUS,
1409,0,0,0,0,0,0,0,US,
5314,0,0,0,0,0,0,0,SP,
7215,0,1,1,1,0,1,0,CA,
8858,0,1,0,0,0,0,0,CA,
895,0,0,0,0,0,0,0,SP,
10313,0,0,0,0,0,0,0,SP,
642,0,0,0,0,0,0,0,CA,
8504,0,0,1,0,0,0,0,GER,
1020,0,0,1,0,0,0,0,SP,
3717,1,0,0,0,0,0,0,SP,
7646,0,0,0,0,0,0,0,SP,
5796,0,0,1,0,0,0,0,SP,
8625,0,0,0,0,0,0,0,US,
5407,1,0,0,0,0,0,0,SA,
4356,0,1,1,0,0,0,0,SP,
2886,0,1,0,1,0,0,0,SP,
10057,0,0,0,0,0,1,0,SP,
10741,0,0,0,0,0,0,0,SP,
5491,0,0,0,0,0,0,0,AUS,
4442,0,0,0,0,0,0,0,CA,
3972,0,0,0,0,0,0,0,SP,
2431,0,0,0,0,0,0,0,SP,
7899,0,0,0,0,0,0,0,AUS,
9703,1,0,0,0,0,1,0,SA,
6927,0,0,0,0,0,0,0,SA,
7005,0,1,0,0,0,0,0,SA,
246,0,0,0,0,0,0,0,SP,
4796,0,0,0,0,0,0,0,SP,
4725,0,0,0,0,0,0,0,SP,
3286,0,0,0,0,0,0,0,SP,
10680,0,0,0,0,0,0,0,SP,
4297,0,0,0,0,0,0,0,IND,
7327,0,0,0,0,0,0,0,SP,
1553,0,1,0,1,0,0,0,GER,
1665,1,0,1,0,1,1,0,SA,
10640,0,0,0,0,0,0,0,SP,
7620,0,0,0,0,0,0,0,IND,0
7761,0,0,0,0,0,0,0,AUS,0
5062,0,0,0,0,0,0,0,SA,0
6349,0,0,0,0,0,0,0,SP,0
3386,0,0,0,0,0,0,0,SP,0
8175,0,0,0,0,0,0,0,SA,0
6245,0,0,0,0,0,0,0,SP,0
8780,0,0,0,0,0,0,0,SP,0
2276,0,0,0,0,0,0,0,SP,0
1172,0,1,1,1,0,1,0,SP,0
3225,1,0,0,0,0,1,0,SP,0
8629,0,0,0,0,0,0,0,CA,0
798,0,0,0,0,0,0,0,SP,0
269,0,0,0,0,0,0,0,SP,0
8213,0,0,0,0,0,1,0,SP,0
10245,0,0,0,0,0,0,0,SP,0
2447,0,0,0,0,0,0,0,IND,0
9817,0,0,0,0,0,0,0,IND,0
1371,0,0,0,0,0,0,0,AUS,0
8093,0,0,0,1,0,0,0,SP,0
713,0,0,0,0,0,0,0,SP,0
11051,0,0,0,0,0,0,0,CA,0
5545,0,0,0,0,0,0,0,SP,0
5283,0,0,0,0,0,0,0,SP,0
5010,0,0,0,0,0,0,0,SP,0
7495,0,0,0,0,0,0,0,SP,0
4368,0,0,0,0,0,0,0,SP,0
6303,0,0,0,0,0,0,0,CA,0
1030,0,0,0,0,0,0,0,SA,0
10364,0,0,0,0,0,0,0,SP,0
6945,0,0,0,0,0,0,0,SP,0
8562,0,0,0,0,0,0,0,SP,0
2918,0,0,0,0,0,0,0,SP,0
9167,0,0,0,0,0,0,0,SP,0
4743,0,0,0,0,0,0,0,US,0
10742,0,0,1,0,0,0,0,SP,0
10965,0,0,0,1,0,0,0,SP,0
7129,0,0,0,0,0,0,0,SP,0
3732,0,0,0,0,0,0,0,CA,0
7124,0,0,0,0,0,0,0,CA,0
10686,0,0,0,0,0,0,0,SP,0
7247,0,1,0,0,0,0,0,GER,0
1513,0,0,0,0,0,0,0,SP,0
460,0,0,0,0,0,0,0,SA,0
6653,0,0,0,0,0,1,0,SP,0
9400,0,0,0,0,0,0,0,SP,0
7106,0,0,0,0,0,0,0,SP,0
4252,0,0,0,0,0,0,0,SP,0
9240,0,0,0,0,0,0,0,SP,0
10770,0,0,0,0,0,0,0,CA,0
176,0,0,0,0,0,0,0,SP,0
6870,0,0,0,0,0,0,0,SP,0
143,0,0,0,0,0,0,0,US,0
6445,0,0,0,0,0,0,0,SA,0
4278,0,0,0,0,0,1,0,IND,0
6906,0,1,1,1,0,1,0,SP,0
4637,0,0,0,1,0,0,0,SA,0
8690,0,0,0,0,0,0,0,CA,0
1173,0,1,1,0,0,1,0,SP,0
1928,1,0,0,0,0,0,0,SA,0
9029,0,0,0,0,0,0,0,SP,0
10299,0,0,0,0,0,1,0,SP,0
9246,0,0,0,0,0,0,0,IND,0
4943,0,1,1,0,0,0,0,SP,0
4122,0,0,0,1,0,1,0,SP,0
2853,0,0,0,0,0,0,0,CA,0
902,0,0,0,0,0,0,0,CA,0
1672,0,0,0,0,0,0,0,SA,0
7254,0,0,0,0,0,0,0,SA,0
8775,0,0,0,0,0,0,0,AUS,0
9543,0,0,0,0,0,0,0,SP,0
7093,0,0,0,0,0,0,0,SP,0
2894,0,1,1,1,0,1,0,SP,0
5956,0,0,0,0,0,0,0,AUS,0
1921,0,0,0,0,0,0,0,SP,0
5057,0,0,0,0,0,0,0,SP,0
10260,0,0,0,0,0,0,0,SP,0
2262,0,0,0,0,0,0,0,SA,0
7930,0,0,0,0,0,0,0,SP,0
1461,0,0,0,0,0,0,0,CA,0
7514,0,0,0,0,0,0,0,AUS,0
6461,0,1,0,0,0,0,0,SP,0
257,0,0,0,0,0,0,0,SP,0
9460,0,0,0,0,0,0,0,SP,0
3855,0,0,0,0,0,0,0,CA,0
367,0,0,0,0,0,0,0,CA,0
9265,0,0,0,0,0,0,0,SA,0
1990,1,0,0,0,0,0,0,SP,0
3594,0,0,0,0,0,0,0,CA,0
9292,0,0,0,0,0,0,0,SP,0
6218,0,1,0,0,0,0,0,SP,0
6528,0,0,0,0,0,0,0,SP,0
10164,0,1,1,0,0,0,0,SP,0
9937,0,0,0,0,0,0,0,US,0
274,0,0,0,0,0,0,0,GER,0
5250,0,0,1,0,0,1,0,AUS,0
11010,0,0,0,0,0,0,0,SP,0
6969,0,0,0,0,0,0,0,AUS,0
10735,0,0,0,0,0,0,0,SA,0
5068,0,0,0,0,0,0,0,SP,0
9974,0,0,0,0,0,0,0,SA,0
7053,0,0,0,0,0,0,0,SA,0
3179,0,0,0,0,0,0,0,SP,0
8082,0,0,0,0,0,1,0,AUS,0
1362,0,0,0,0,0,0,0,GER,0
6768,0,0,0,0,0,0,0,CA,0
2375,0,0,0,0,0,0,0,SP,0
6856,0,0,0,0,0,1,0,GER,0
4066,0,0,0,0,0,0,0,SP,0
4333,0,1,0,0,0,0,0,IND,0
2948,0,0,0,0,0,0,0,CA,0
4927,0,0,0,0,0,0,0,SA,0
7426,0,0,0,0,0,0,0,SP,0
8360,0,0,0,0,0,0,0,SP,0
4058,0,1,0,0,0,0,0,SP,0
10755,0,0,0,0,0,0,0,AUS,0
8414,0,0,0,0,0,0,0,SP,0
6810,0,0,1,0,0,1,0,SA,0
3839,0,0,0,0,0,0,0,SP,0
3483,0,1,0,1,1,1,0,CA,0
238,0,0,0,0,0,0,0,SP,0
591,0,0,0,0,0,0,0,IND,0
5063,0,0,0,0,0,0,0,SP,0
4303,0,0,0,0,0,0,0,CA,0
2258,0,0,0,0,0,0,0,SP,0
7301,0,0,0,0,0,1,0,SP,0
11121,0,0,0,0,0,0,0,IND,0
5287,0,0,0,0,0,0,0,SP,0
6457,0,0,0,0,0,0,0,SA,0
3559,0,0,0,0,0,0,0,IND,0
5577,0,0,0,0,0,0,0,SP,0
641,1,0,0,0,0,0,0,IND,0
954,0,0,0,0,0,0,0,AUS,0
1834,0,0,0,0,0,0,0,SA,0
8789,0,0,0,0,0,0,0,SP,0
10584,0,0,0,0,0,0,0,SP,0
2337,0,0,0,0,0,0,0,SP,0
6071,0,0,0,0,0,0,0,SP,0
295,0,0,0,0,0,0,0,SP,0
10203,0,0,0,0,0,0,0,SP,0
3968,0,1,1,0,1,1,0,CA,0
4037,0,0,0,0,0,0,0,SA,0
6932,0,0,1,0,0,0,0,SP,0
10159,0,0,0,0,0,0,0,AUS,0
1177,0,0,0,0,0,0,0,SP,0
9426,0,0,0,0,0,0,0,SP,0
10637,0,0,0,0,0,0,1,SP,0
10826,0,0,0,0,0,0,0,SP,0
4086,0,0,0,0,0,0,0,GER,0
10304,0,0,0,0,0,0,0,SP,0
7998,0,0,0,0,0,0,0,IND,0
10992,0,0,0,0,0,0,0,SA,0
6383,0,0,0,0,0,0,0,SA,0
10536,0,0,0,0,0,0,0,SP,0
6036,0,0,1,0,0,0,0,SP,0
11092,0,0,0,0,0,0,0,SA,0
538,0,0,0,0,0,0,0,SA,0
10022,0,0,0,0,0,0,0,SP,0
10157,0,0,0,0,0,0,0,CA,0
3503,0,0,0,0,0,0,0,SA,0
146,0,0,0,1,0,0,0,SP,0
5538,1,0,1,1,0,1,0,SP,0
3910,1,0,1,1,0,1,0,SP,0
4227,0,0,0,0,0,0,0,SP,0
6634,0,0,0,0,0,0,0,SA,0
8916,0,0,0,0,0,0,0,SA,0
6460,0,0,0,0,0,0,0,IND,0
5883,0,0,0,0,0,0,0,SP,0
10091,0,0,0,0,0,0,0,SP,0
697,0,0,1,0,0,0,0,SP,0
2607,0,0,0,0,0,0,0,SP,0
8427,0,0,0,0,0,0,0,SP,0
217,0,0,0,0,0,0,0,CA,0
6202,0,0,0,0,0,0,0,SP,0
3856,0,0,0,0,0,0,0,SP,0
10648,0,0,0,0,0,0,0,SP,0
5120,0,0,0,0,0,0,0,SA,0
6749,0,0,0,0,0,0,0,SP,0
1584,0,0,0,0,0,0,0,SA,0
9559,1,0,0,0,0,0,0,CA,0
771,0,0,0,0,0,0,0,GER,0
5237,0,0,0,0,0,0,0,AUS,0
2461,0,0,0,0,0,0,0,CA,0
5474,0,0,0,0,0,0,0,US,0
2895,0,0,0,0,0,0,0,IND,0
7972,0,0,0,0,0,0,0,SP,0
10067,0,0,0,0,0,0,0,GER,0
500,0,1,1,1,0,1,0,SP,0
922,1,0,0,0,0,0,0,GER,0
2861,0,0,0,0,0,0,0,SP,0
375,0,0,0,0,0,0,0,SP,0
10936,0,0,0,0,0,0,0,AUS,0
10314,0,1,0,1,0,1,0,IND,0
4240,0,0,0,0,0,0,0,SP,0
2674,0,0,0,0,0,1,0,US,0
2563,0,0,0,0,0,0,0,IND,0
8312,0,0,0,0,0,0,0,SP,0
6999,0,0,0,0,0,0,0,IND,0
7574,0,0,0,0,0,0,0,SA,0
5223,0,0,0,0,0,0,0,SA,0
2952,0,0,0,0,0,0,0,SP,0
7683,0,0,0,0,0,0,0,SP,0
9481,0,0,0,0,0,0,0,CA,0
9907,0,0,0,0,0,0,0,GER,0
5454,0,0,0,0,0,0,0,US,0
3798,0,0,0,0,0,0,0,SP,0
7281,0,0,0,0,0,0,0,AUS,0
4259,0,0,0,0,0,0,0,IND,0
2549,0,0,0,0,0,0,0,SP,0
6437,0,0,0,0,0,0,0,SP,0
2488,0,0,0,0,0,0,0,SP,0
3945,1,0,0,0,0,1,0,SP,0
702,0,0,0,0,0,0,0,SP,0
9010,1,0,1,1,0,1,0,SP,0
9710,0,0,0,0,0,0,0,SP,0
1509,0,1,1,1,1,1,0,SP,0
9120,0,0,0,0,0,0,0,SP,0
5252,0,0,0,0,0,0,0,SP,0
5959,0,0,0,0,0,0,0,IND,0
7441,0,0,0,0,0,0,0,US,0
4271,0,0,0,0,0,0,0,IND,0
4095,0,0,0,0,0,0,0,US,0
8852,0,0,0,0,0,0,0,SP,0
7698,0,0,0,0,0,0,0,IND,0
4174,0,0,0,0,0,0,0,SP,0
3182,1,0,0,0,0,1,0,IND,0
193,1,0,0,0,0,0,0,SP,0
5229,0,0,0,0,0,0,0,GER,0
5555,0,0,0,0,0,0,0,SP,0
7732,0,0,0,0,0,0,0,SP,0
310,0,0,0,0,0,0,0,CA,0
6261,0,0,0,0,0,0,0,IND,0
6274,0,1,1,0,0,0,0,SA,0
1655,0,0,0,0,0,0,0,AUS,0
2740,0,0,0,0,0,0,0,SP,0
4328,0,0,0,0,0,0,0,SP,0
17,0,0,0,0,0,0,0,SP,0
9153,0,0,0,0,0,0,0,SP,0
520,0,0,0,0,0,0,0,SP,0
8372,0,0,0,0,0,0,0,SA,0
73,0,0,0,0,0,0,0,IND,0
2002,0,0,0,0,0,0,0,SP,0
6059,0,0,0,0,0,1,0,SP,0
11166,0,0,0,0,0,0,0,SP,0
6257,0,0,0,0,0,0,0,SA,0
9224,0,0,0,0,0,0,0,SA,0
8732,0,1,1,0,0,1,0,SP,0
955,1,0,0,0,0,1,0,SA,0
4910,0,0,0,0,0,0,0,US,0
564,0,1,0,0,0,1,0,SP,0
8931,0,0,0,1,0,0,0,SA,0
1998,0,0,0,0,0,0,0,IND,0
1250,0,0,0,0,0,0,0,SP,0
8397,1,0,0,0,0,0,0,SP,0
9672,0,0,0,0,0,0,0,CA,0
2125,0,0,0,0,0,0,0,US,0
5975,0,0,0,0,0,0,0,CA,0
983,1,0,0,0,0,0,0,US,0
9938,0,0,1,0,0,0,0,IND,0
4385,0,0,0,0,0,0,0,SP,0
1612,0,0,0,0,0,0,0,AUS,0
803,0,0,0,0,0,0,0,SP,0
10675,0,0,0,0,0,1,0,SP,0
7004,1,0,0,0,0,0,0,IND,0
4432,0,0,0,0,0,0,0,SP,0
5079,0,0,0,0,0,0,0,AUS,0
4475,0,0,0,0,0,0,0,SP,0
10868,0,0,0,0,0,0,0,SP,0
6742,0,0,0,0,0,0,1,SP,0
5692,0,0,0,0,0,0,0,SA,0
339,0,1,0,0,0,1,0,SP,0
10398,0,0,0,0,0,0,0,SP,0
8017,0,0,0,0,0,0,0,SA,0
3722,0,0,0,0,0,0,0,SP,0
7326,0,0,0,0,0,0,0,CA,0
2416,0,0,0,0,0,0,0,SP,0
1878,0,0,0,0,0,0,0,SP,0
5278,0,0,0,1,0,0,0,GER,0
5734,0,0,0,0,0,0,0,SP,0
4370,0,0,0,0,0,0,0,IND,0
8405,0,0,0,0,0,0,0,SA,0
7617,0,0,0,0,0,0,0,SP,0
10339,0,0,0,0,0,0,0,AUS,0
6376,0,0,0,0,0,0,0,AUS,0
2150,0,0,0,0,0,0,0,CA,0
7386,0,0,0,0,0,0,0,CA,0
3006,0,0,0,0,0,0,0,CA,0
11088,0,0,0,0,0,0,0,SP,0
5185,0,0,0,0,0,0,0,SA,0
3523,0,0,0,0,0,0,0,SP,0
55,0,0,0,0,0,0,0,SP,0
3807,0,0,0,0,0,0,0,SP,0
2453,0,0,0,0,0,0,0,SP,0
7787,0,0,0,0,0,0,0,CA,0
2230,0,0,0,0,0,0,0,GER,0
8146,0,0,0,0,0,0,0,SA,0
988,0,0,0,1,0,0,0,SP,0
4832,0,0,0,0,0,0,0,SP,0
3152,0,0,0,0,0,0,0,IND,0
11188,0,0,0,0,0,0,0,SP,0
361,0,0,0,0,0,0,0,AUS,0
5939,0,0,0,0,0,0,0,SP,0
9349,0,0,1,1,0,0,0,GER,0
819,0,0,0,0,0,0,0,SP,0
10120,0,0,0,0,0,0,0,US,0
4541,0,0,0,0,0,0,0,CA,0
2456,0,0,0,0,0,0,0,SA,0
2516,0,0,0,0,0,0,0,SP,0
11013,0,0,0,0,0,0,0,SP,0
9988,0,0,0,0,0,0,0,CA,0
1627,0,0,0,1,0,0,0,SP,0
1490,0,0,0,0,0,0,0,CA,0
6710,0,0,0,0,0,0,0,SP,0
7375,0,0,0,0,0,0,0,SA,0
10144,0,0,0,0,0,0,0,SA,0
3138,0,1,1,1,1,1,0,SP,0
1440,0,0,0,0,0,0,0,SP,0
4200,0,0,0,0,0,0,0,SA,0
4998,0,0,0,1,0,0,0,SP,0
7321,0,0,0,1,0,0,0,IND,0
8663,0,0,0,0,0,0,0,AUS,0
1958,0,0,0,0,0,0,0,SP,0
6963,0,0,1,0,0,0,0,SA,0
1065,0,0,0,0,0,0,0,US,0
2712,0,0,0,0,0,0,0,AUS,0
6049,1,0,0,1,0,0,0,SP,0
6605,0,1,0,0,0,0,0,SP,0
11181,0,0,0,0,0,0,0,CA,0
5234,0,0,0,0,0,0,0,CA,0
5253,0,0,0,0,0,0,0,SP,0
11148,0,0,0,0,0,0,0,SP,0
6289,0,0,0,0,0,0,0,SP,0
9743,0,0,1,0,0,0,0,CA,0
9209,0,0,0,0,0,0,0,SA,0
6417,0,0,0,0,0,0,0,SP,0
7937,0,0,0,0,0,0,0,SP,0
6488,0,0,0,0,0,0,0,GER,0
3194,0,0,0,0,0,0,0,CA,0
231,0,0,0,0,0,0,0,SP,0
9697,0,0,0,0,0,0,0,SP,0
4676,0,0,0,0,0,0,0,SP,0
8079,0,0,0,0,0,0,0,SA,0
10032,0,0,0,0,0,0,0,SA,0
10505,0,0,0,0,0,0,0,SA,0
2005,0,0,0,0,0,0,0,CA,0
6940,1,0,0,0,0,0,0,SP,0
2304,0,0,0,0,0,0,0,SA,0
3170,0,0,0,0,0,0,0,SP,0
10466,0,0,0,0,0,0,0,SP,0
7325,0,0,0,0,0,0,0,SP,0
455,0,0,0,0,0,0,0,SP,0
7592,0,0,0,0,0,0,0,SP,0
4547,0,0,0,0,0,0,0,SP,0
6825,0,0,0,0,0,0,0,CA,0
2961,1,0,0,0,0,0,0,SP,0
8700,0,0,0,0,0,0,0,SA,0
2278,0,0,0,0,0,0,0,US,0
10703,0,0,0,0,0,0,0,SP,0
9,0,0,0,0,0,0,0,CA,0
2804,0,0,0,0,0,1,0,IND,0
4915,0,0,0,0,0,0,0,GER,0
3010,1,0,1,1,0,0,0,SP,0
4279,0,0,0,0,0,0,0,SP,0
2564,0,0,0,0,0,0,0,SP,0
1137,1,0,0,1,0,0,0,SP,0
5084,0,0,0,0,0,0,0,SP,0
7094,0,0,0,0,0,0,0,GER,0
6327,0,0,0,0,0,0,0,US,0
6131,0,0,0,0,0,0,0,SP,0
5798,0,0,0,0,0,0,0,GER,0
10379,0,0,0,0,0,0,0,SP,0
606,0,0,0,0,0,0,0,SP,0
7801,0,0,0,0,0,0,0,SA,0
2445,0,0,0,0,0,0,0,SP,0
5346,0,0,0,0,0,0,0,GER,0
550,0,0,0,0,0,0,0,SP,0
4478,0,0,0,0,0,0,0,IND,0
2350,0,1,0,0,0,0,0,CA,0
1118,1,0,0,0,0,0,0,SP,0
1491,0,0,0,0,0,0,0,CA,0
4507,0,0,0,0,0,0,0,SP,0
7023,0,0,0,0,0,0,0,SA,0
6977,0,0,1,0,0,0,0,SP,0
4042,0,0,0,0,0,1,0,CA,0
7274,0,1,0,0,0,0,0,SP,0
2902,0,0,0,0,0,0,0,AUS,0
3332,0,0,0,0,0,0,0,GER,0
7433,0,0,0,0,0,0,0,SP,0
9386,0,1,0,0,0,0,0,SP,0
5176,1,0,0,0,0,0,0,SA,0
10323,0,0,0,0,0,0,0,SP,0
4682,0,0,0,0,0,0,0,GER,0
3083,0,0,0,0,0,0,0,SP,0
8015,0,0,0,0,0,1,0,SP,0
1745,0,0,0,0,0,1,0,SP,0
3136,0,0,0,0,0,0,0,SP,0
6991,0,0,0,0,0,0,0,AUS,0
8132,0,1,0,0,0,0,0,GER,0
503,0,0,0,0,0,0,0,AUS,0
8148,0,0,0,0,0,0,0,SA,0
2736,0,0,0,0,0,0,0,IND,0
8162,0,0,0,0,0,0,0,SP,0
692,0,0,0,0,0,0,0,IND,0
7706,1,0,0,0,0,0,0,CA,0
9298,0,1,1,0,0,0,0,SA,0
2986,0,0,0,0,0,0,0,CA,0
10812,0,0,0,0,0,0,0,SA,0
2909,0,1,1,0,0,0,0,GER,0
6974,0,0,0,0,0,0,0,GER,0
9140,0,0,0,0,0,0,0,US,0
4554,0,0,0,0,0,0,0,SP,0
7791,0,0,0,0,0,0,0,SA,0
5455,0,0,0,0,0,0,0,SP,0
7960,0,0,1,0,0,0,0,SP,0
3426,0,0,0,0,0,0,0,SP,0
5316,0,0,0,0,0,0,0,SP,0
1404,0,0,0,0,0,0,0,SA,0
10598,0,0,0,0,0,0,0,SP,0
8212,0,0,0,0,0,0,0,SP,0
3233,0,0,0,0,0,0,0,SA,0
7892,0,0,0,0,0,0,0,US,0
2975,0,0,0,1,0,0,0,SP,0
5043,0,0,0,0,0,0,0,SP,0
3104,0,0,1,0,0,1,0,GER,0
10854,0,0,0,0,0,0,0,IND,0
7419,0,0,0,0,0,0,0,SP,0
5558,0,0,1,0,0,0,0,SP,0
832,0,0,0,0,0,0,0,SP,0
4964,0,0,0,0,0,0,0,CA,0
11030,1,0,0,0,0,0,0,SP,0
4587,0,0,0,0,0,0,0,SP,0
450,0,0,0,0,0,0,0,US,0
11031,0,0,0,0,0,0,0,AUS,0
4990,0,0,0,0,0,0,0,AUS,0
221,0,0,0,0,0,0,0,GER,0
4351,1,0,0,0,0,0,0,SP,0
1357,0,0,0,0,0,0,0,GER,0
5667,0,0,0,0,0,1,0,CA,0
8867,0,0,0,0,0,0,0,SA,0
2747,0,0,0,0,0,0,0,SP,0
7422,0,0,0,0,0,0,0,SP,0
4148,0,0,0,0,0,0,0,SP,0
9516,0,1,0,0,1,1,0,SP,0
1291,0,0,0,0,0,0,0,SP,0
1833,0,0,0,0,0,0,0,SP,0
7270,0,1,0,0,0,0,0,SA,0
8182,0,0,0,0,0,0,0,CA,0
10394,1,0,1,1,0,0,0,CA,0
1142,0,0,0,0,0,0,0,SP,0
451,0,0,0,0,0,0,0,IND,0
7128,0,0,0,0,0,0,0,SP,0
10678,0,0,0,0,0,0,0,SP,0
7755,0,0,0,0,0,0,0,SP,0
4754,0,0,0,0,0,0,0,SP,0
20,0,0,0,0,0,0,0,GER,0
2246,0,0,0,0,0,0,0,SP,0
10307,0,0,0,0,0,0,0,SP,0
2147,0,0,1,1,0,0,0,SP,0
10590,0,0,0,0,0,0,0,SP,0
6565,0,0,0,1,0,0,0,US,0
6619,0,0,0,0,0,0,0,SP,0
4817,0,0,0,0,0,0,0,SP,0
4508,0,0,0,0,0,0,0,GER,0
4843,0,0,0,0,0,0,0,SA,0
9197,0,0,0,0,0,0,0,SP,0
6237,0,0,0,0,0,0,0,SP,0
6515,0,0,0,0,0,0,0,SA,0
5954,0,0,0,0,0,0,0,SP,0
7938,0,0,0,0,0,0,0,GER,0
961,0,0,0,0,0,0,0,SP,0
1764,0,0,0,0,0,0,0,SA,0
1916,0,0,0,0,0,0,0,GER,0
6941,0,0,0,0,0,0,0,SP,0
5562,0,0,0,0,0,0,0,SP,0
1517,0,0,0,0,0,0,0,SP,0
7286,0,0,0,0,0,0,0,AUS,0
4687,0,0,0,0,0,0,0,SP,0
5631,0,0,0,0,0,0,0,US,0
1951,0,0,0,0,0,0,0,SP,0
123,0,0,0,0,0,0,0,AUS,0
9451,0,0,0,0,0,0,0,CA,0
7396,0,0,1,0,0,0,0,SP,0
3298,0,0,0,0,0,0,0,SA,0
6730,0,0,0,0,0,0,1,SP,0
9916,0,0,0,0,0,0,1,SA,0
2227,0,0,0,0,0,0,0,SA,0
946,0,0,0,0,0,0,0,SP,0
3745,0,0,0,0,0,0,0,IND,0
4094,0,0,0,0,0,0,0,AUS,0
8588,0,0,0,0,0,0,0,GER,0
3916,0,0,0,0,0,0,0,SP,0
9135,0,0,0,0,0,0,0,SP,0
1755,0,0,0,0,0,0,0,SA,0
2875,0,0,0,0,0,0,1,SP,0
2008,0,0,0,1,0,0,0,SA,0
10925,0,0,0,0,0,0,0,SA,0
1604,0,0,0,0,0,0,0,SP,0
5389,0,1,0,0,0,0,0,SP,0
2878,0,0,0,0,0,0,0,SP,0
4440,0,1,0,0,0,0,0,SA,0
1324,0,0,0,0,0,0,0,IND,0
6262,0,0,0,0,0,0,0,GER,0
3628,0,0,0,0,0,0,0,SP,0
3641,0,0,0,0,0,0,0,SP,0
322,0,0,0,0,0,0,0,AUS,0
175,1,0,1,0,0,0,0,SP,0
6988,1,0,1,0,0,0,0,AUS,0
8204,0,0,0,0,0,0,0,GER,0
7476,0,1,0,0,0,0,0,SA,0
5221,1,0,0,0,0,0,0,GER,0
8970,0,0,0,0,0,0,0,SP,0
9286,0,0,0,0,0,0,0,SP,0
5831,0,1,0,1,0,1,0,SP,0
1010,0,0,0,0,0,0,0,SP,0
11074,0,0,0,0,0,0,0,SA,0
5896,0,0,0,0,0,0,0,SP,0
3515,0,0,0,0,0,0,0,SP,0
5324,0,0,0,0,0,0,0,US,0
6534,0,0,0,0,0,0,0,SA,0
8373,0,0,0,0,0,0,0,CA,0
3829,0,0,0,0,0,0,0,SA,0
4501,0,0,0,0,0,0,0,SP,0
4179,0,0,0,0,0,0,0,SP,0
2292,0,0,0,0,0,0,0,SP,0
9239,0,0,0,0,0,0,0,US,0
8953,0,0,0,0,0,0,0,SP,0
10258,0,0,0,0,0,0,0,US,0
3520,1,0,1,1,1,1,0,CA,0
10402,0,0,0,0,0,0,0,CA,0
11114,0,0,0,0,0,0,0,SP,0
9553,0,0,0,0,0,0,0,IND,0
6055,0,1,0,0,0,0,0,SP,0
4786,0,0,0,0,0,0,0,US,0
5015,0,0,0,0,0,0,0,SP,0
8560,0,0,0,0,0,0,0,CA,0
3469,0,0,0,0,0,0,0,SP,0
5885,0,0,0,0,0,0,0,CA,0
3310,0,0,0,0,0,0,0,SP,0
2134,0,0,0,0,0,0,0,SA,0
2532,1,0,0,0,0,0,0,SP,0
2579,0,0,0,0,0,0,0,SP,0
3117,0,0,0,0,0,0,0,AUS,0
5623,1,0,0,0,0,0,0,SP,0
4789,1,0,1,1,0,0,0,IND,0
9523,0,0,0,0,0,0,0,SP,0
5268,0,0,0,0,0,0,0,GER,0
1545,0,0,0,0,0,0,0,SP,0
2254,0,0,0,0,0,0,0,AUS,0
2661,0,0,0,0,0,0,0,SA,0
3130,0,0,0,0,0,0,0,SP,0
5847,0,0,0,0,0,0,0,SP,0
5863,0,0,0,0,0,0,0,SP,0
999,0,1,1,0,0,1,0,CA,0
2931,0,0,0,1,0,0,0,SP,0
1890,0,0,0,0,0,0,0,SP,0
5589,0,0,0,0,0,0,0,IND,0
10172,0,0,0,0,0,0,0,SP,0
6729,0,0,0,0,0,0,0,SA,0
10492,0,0,0,0,0,0,0,IND,0
2939,0,0,0,0,0,0,0,CA,0
5948,0,0,0,0,0,0,0,US,0
574,0,0,0,0,0,0,0,GER,0
3266,0,0,0,0,0,0,0,CA,0
10500,0,0,0,0,0,0,0,AUS,0
7987,0,1,0,0,0,0,0,CA,0
1135,0,0,0,0,0,0,0,CA,0
24,0,0,0,0,0,0,0,SA,0
7244,0,0,0,0,0,0,0,AUS,0
1966,0,0,1,0,0,0,0,AUS,0
7789,0,0,1,0,0,0,0,SP,0
3336,1,0,0,0,0,0,0,AUS,0
5644,0,1,0,0,0,0,0,SP,0
1295,0,0,0,0,0,0,0,CA,0
6663,0,0,0,0,0,0,0,SP,0
10262,0,0,0,0,0,0,0,IND,0
456,0,0,0,0,0,0,0,SP,0
3270,0,0,0,0,0,0,0,SA,0
5748,0,0,0,0,0,1,0,SA,0
8952,0,0,0,0,0,0,0,SP,0
3921,0,0,0,0,0,0,0,SP,0
9826,0,0,0,0,0,1,0,US,0
5830,0,0,0,0,0,1,0,SA,0
8310,0,0,0,0,0,0,0,SP,0
6382,0,0,0,0,0,0,0,US,0
8439,0,0,0,1,0,0,0,SP,0
7613,0,0,0,0,0,0,0,SP,0
48,0,1,0,0,0,0,0,SP,0
5046,0,0,0,0,0,0,0,SA,0
3231,0,0,0,0,0,0,0,US,0
7181,0,0,0,0,0,0,0,SP,0
1663,0,0,0,0,0,0,0,SP,0
5441,0,0,0,0,0,0,0,SP,0
8602,0,0,0,0,0,0,0,SP,0
9925,1,0,0,0,0,0,0,SP,0
9499,0,1,1,0,0,0,0,CA,0
6568,0,0,0,0,0,0,0,US,0
3032,0,0,0,0,0,0,0,SP,0
5153,1,0,0,0,0,1,0,SP,0
4127,1,0,0,0,0,1,0,SP,0
9940,0,0,0,0,0,0,0,SA,0
7527,0,0,0,0,0,0,0,SP,0
3406,0,0,0,0,0,0,0,SA,0
9771,0,0,0,0,0,0,0,IND,0
6722,0,0,0,0,0,0,0,CA,0
213,0,0,0,0,0,0,0,SP,0
8541,0,0,0,0,0,0,0,SP,0
8475,0,0,0,0,0,0,0,IND,0
8070,0,0,0,0,0,0,0,SP,0
313,0,1,0,0,0,0,0,SA,0
9757,0,1,1,0,1,0,0,SP,0
2088,0,1,1,0,1,0,0,GER,0
2320,0,0,0,0,0,0,0,SP,0
966,0,1,0,0,0,0,0,SP,0
9706,0,0,0,0,0,0,0,CA,0
3979,0,0,1,0,0,1,0,SP,0
5602,0,0,0,0,0,0,0,IND,0
2202,0,0,0,0,0,0,0,SP,0
9645,0,0,0,0,0,0,0,SP,0
7230,0,1,0,0,0,1,0,US,0
5675,0,1,0,0,0,0,0,US,0
4974,0,0,0,0,0,0,0,US,0
5687,0,0,0,0,0,0,0,CA,0
5871,0,0,0,0,0,0,0,SA,0
3846,0,0,0,0,0,0,0,SP,0
10001,0,0,0,0,0,0,0,SP,0
2831,0,0,0,0,0,0,0,SP,0
868,0,0,0,0,0,0,0,SA,0
7212,0,0,0,0,0,0,0,AUS,0
1743,0,0,0,0,0,0,0,SP,0
2415,0,0,0,1,0,0,0,SP,0
7947,0,0,0,0,0,0,0,SP,0
2106,0,0,0,0,0,0,0,SP,0
3363,0,0,0,0,0,0,0,SP,0
8595,0,0,0,0,0,0,0,AUS,0
7232,0,0,0,0,0,0,0,SP,0
7829,0,0,0,0,0,0,1,IND,0
9977,0,0,0,0,0,0,0,US,0
10142,0,0,0,0,0,0,0,US,0
5263,0,0,0,0,0,0,0,SP,0
22,0,0,0,0,0,0,0,SP,0
528,0,0,0,0,0,0,0,IND,0
4070,0,1,1,0,0,1,0,CA,0
